StudentId;Nacin studiranja;P104;P12;P140;P141;P142;P143;P145;P146;P147;P148;P149;P150;P151;P152;P153;P154;P155;P156;P157;P158;P159;P160;P161;P162;P175;P176;P177;P178;P218;P219;P220;P221;P222;P223;P224;P225;P226;P227;P228;P229;P230;P231;P232;P233;P234;P235;P236;P237;P238;P239;P24;P240;P241;P246;P247;P276;P277;P278;P279;P280;P33;P45;P50;P58;P7;P8;P85;Diplomirao
16320;DL;;8;;;;;;;;;;;;;;;;;;;;;;;7;6;;;7;6;7;;6;;;;;;;;;;;;;;;;;;8;;;8;;;;;;;;;;6;;;;0
16321;DL;;9;;;;;;;;;;;;;;;;;;;;;;;7;;;;7;6;6;6;6;;;;;7;;;;;;;;;;;;;8;;;9;;;;;;;;;;8;;;;0
16325;DL;;8;;;;;6;8;;6;;;;8;;;;;;;;;;;7;6;;;7;8;6;6;8;;;7;6;7;;6;7;;;;;;;;;;7;;;9;6;;;;;;;;;6;;;;0
16327;DL;;8;;;;;7;9;6;7;9;9;;9;8;;;;8;;;;;9;7;7;6;;8;8;7;9;9;;;8;8;7;;8;10;;;10;9;9;9;10;;7;8;9;;9;6;;;;;;;9;10;6;;;;1
16328;DL;;9;;;;;6;8;;7;;;;;;;;;;;;;;;8;7;;;8;7;7;7;9;;;6;6;7;;;;;;;;;;;;;9;;;10;6;;;;;;;;;8;;;;0
16329;DL;;7;;;;;6;8;6;7;6;8;;7;7;;;;7;;;;;;10;6;6;;8;6;6;8;6;;;8;6;6;;7;9;;;10;;;;;;;8;;;7;7;;;;;;;;9;7;;;;1
16330;DL;;;;;;;;;;;;;;;;;;;;;;;;;;;;;;;;;;;;;;;;;;;;;;;;;;;;;;;;;;;;;;;;;;;;0
16331;DL;;6;;;;;6;6;8;6;6;8;;7;7;;;;;;;;;;6;6;6;;7;8;8;6;6;;;6;7;7;;7;8;;;8;7;10;10;;;10;7;10;;7;7;;;;;;;9;9;6;;;;0
16332;DL;;7;;;;;6;7;7;7;6;8;;8;8;;;;8;;;;;;9;6;9;;8;6;6;6;6;;;9;6;6;;7;6;;;9;;;;;;;7;;;8;7;;;;;;;;8;8;;;;1
16334;DL;;7;;;;;8;6;8;10;8;10;;8;9;;;;8;;;;;;7;7;8;;7;6;6;6;6;;;9;7;9;;9;9;;;9;10;10;9;8;;10;8;10;;7;7;;;;;;;10;10;6;;;;0
16335;DL;;9;;;;;8;6;6;9;6;9;;7;8;;;;;;;;;;6;7;8;;7;9;7;6;7;;;8;7;6;;8;10;;;10;;;;;;;8;;;9;6;;;;;;;;10;9;;;;0
16337;DL;;8;;;;;7;6;6;6;6;;;8;8;;;;;;;;;;8;6;6;;9;6;8;6;6;;;6;6;6;;7;9;;;9;;;;;;;9;;;10;7;;;;;;;;;8;;;;0
16340;DL;;;;;;;;;;;;;;;;;;;;;;;;;;;;;7;;6;;6;;;;;;;;;;;;;;;;;;;;;6;;;;;;;;;;;;;;0
16343;DL;;10;;;;;7;8;6;7;10;;;7;8;;;;;;;;;;10;8;7;;9;9;8;9;7;;;9;6;8;;9;8;;;10;;;;;;;10;;;10;10;;;;;;;;8;8;;;;0
16344;DL;;8;;;;;6;6;;6;8;;;7;6;;;;;;;;;;6;7;6;;8;6;7;7;6;;;6;7;7;;7;8;;;8;;;;;;;8;;;8;6;;;;;;;;7;6;;;;0
16348;DL;;7;;;;;6;6;6;8;8;8;;6;8;;;;;;;;;;6;6;6;;7;6;7;6;6;;;7;6;6;;;9;;;8;;;;;;;6;;;6;7;;;;;;;;8;6;;;;0
16349;DL;;7;;;;;7;6;8;6;7;8;;8;8;;;;;;;;;;6;8;6;;9;7;7;9;6;;;9;7;6;;8;8;;;8;;;;;;;8;;;7;6;;;;;;;;9;8;;;;0
16350;DL;;7;;;;;;;;;;;;;;;;;;;;;;;7;;;;7;6;7;6;6;;;;;7;;;;;;;;;;;;;7;;;7;;;;;;;;;;6;;;;0
16351;DL;;;;;;;;;;;;;;;;;;;;;;;;;;;;;;;;;;;;;;;;;;;;;;;;;;;;;;;;;;;;;;;;;;;;0
16352;DL;;8;;;;;8;6;6;8;6;;;7;7;;;;;;;;;;8;7;8;;8;6;6;7;6;;;8;8;6;;;6;;;9;;;;;;;7;;;6;7;;;;;;;;9;7;;;;0
16353;DL;;7;;;;;;;;;;;;;;;;;;;;;;;6;;;;7;6;7;6;9;;;;;;;;;;;;;;;;;;;;;6;;;;;;;;;;6;;;;0
16354;DL;;8;;;;;7;8;6;6;10;;;;;;;;;;;;;;8;6;8;;9;6;6;6;7;;;7;;6;;;8;;;;;;;;;;8;;;8;6;;;;;;;;;7;;;;0
16355;DL;;6;;;;;;;;;;;;;;;;;;;;;;;;;;;6;;6;;6;;;;;;;;;;;;;;;;;;;;;6;;;;;;;;;;7;;;;0
16357;DL;;8;;;;;7;6;7;7;6;;;6;7;;;;;;;;;;10;9;;;8;6;8;6;6;;;6;6;6;;;6;;;7;;;;;;;7;;;7;7;;;;;;;;10;7;;;;0
16358;DL;;8;;;;;7;6;6;6;7;;;8;6;;;;;;;;;;6;7;6;;8;6;6;8;7;;;7;7;6;;7;9;;;8;;;;;;;8;;;8;6;;;;;;;;7;8;;;;0
16360;DL;;7;;;;;7;6;;7;;;;6;;;;;;;;;;;6;7;;;6;6;6;7;7;;;7;6;6;;6;;;6;;;;;;;;7;;;8;7;;;;;;;;;7;;;;0
16361;DL;;9;;;;;;;;;;;;;;;;;;;;;;;;;;;7;;6;;6;;;;;;;;;;;;;;;;;;;;;8;;;;;;;;;;;;;;0
16362;DL;;9;;;;;9;6;7;10;9;7;;9;8;;;;8;;;;;;9;6;7;;7;7;7;7;8;;;7;7;7;;8;10;;;8;;;;;;;10;;;8;10;;;;;;;;10;8;;;;1
16363;DL;;7;;;;;6;;6;7;6;;;7;;;;;;;;;;;6;6;6;;8;6;8;6;8;;;;7;7;;;6;;;10;;;;;;;8;;;8;7;;;;;;;;7;7;;;;0
16364;DL;;10;;;;;8;6;8;7;9;8;;8;10;;;;10;;;;;;10;8;10;;9;10;8;9;9;;;9;7;8;;8;10;;;10;;;;;;;10;;;10;10;;;;;;;;9;10;;;;1
16367;DL;;;;;;;;;;;;;;;;;;;;;;;;;;;;;;;;;;;;;;;;;;;;;;;;;;;;;;;;;;;;;;;;;;;;0
16368;DL;;8;;;;;7;9;8;8;7;9;;8;7;;;;6;;;;;;7;6;8;;7;8;7;10;6;;;6;8;8;;10;6;;;8;;;;;;;9;;;8;10;;;;;;;;9;6;;;;1
16369;DL;;8;;;;;6;6;8;8;8;;;7;7;;;;;;;;;;7;6;9;;7;6;8;6;7;;;8;8;6;;7;6;;;8;;;;;;;9;;;8;6;;;;;;;;8;6;;;;0
16374;DL;;7;;;;;7;7;8;9;6;9;;6;9;;;;;;;;;;9;8;6;;8;6;8;6;6;;;8;6;6;;9;6;;6;;10;10;8;8;;10;8;10;;8;7;;;;;;;9;10;8;;;;0
16375;DL;;8;;;;;8;6;9;7;10;9;;8;8;;;;;;;;;;10;6;7;;9;8;8;8;8;;;10;10;7;;8;7;;;7;;;;;;;8;;;7;7;;;;;;;;9;7;;;;0
16376;DL;;6;;;;;;;;;;;;;;;;;;;;;;;;;;;7;;;;6;;;;;;;;;;;;;;;;;;;;;6;;;;;;;;;;;;;;0
16377;DL;;6;;;;;;;;;;;;;;;;;;;;;;;;;;;7;;;;;;;;;;;;;;;;;;;;;;;;;7;;;;;;;;;;;;;;0
16378;DL;;;;;;;;;;;;;;;;;;;;;;;;;;;;;6;7;7;;6;;;;;;;;;;;;;;;;;;;;;6;;;;;;;;;;6;;;;0
16379;DL;;8;;;;;8;6;6;10;6;8;;;7;;;;;;;;;;8;6;6;;8;7;8;8;6;;;10;8;6;;8;6;;;;;;;;;;8;;;9;7;;;;;;;;10;9;;;;0
16380;DL;;;;;;;;;;;;;;;;;;;;;;;;;;;;;7;;;;6;;;;;;;;;;;;;;;;;;;;;;;;;;;;;;;;;;;0
16381;DL;;6;;;;;;;;;;;;;;;;;;;;;;;;;;;7;;6;;6;;;;;;;;;;;;;;;;;;;;;6;;;;;;;;;;;;;;0
16382;DL;;7;;;;;6;7;6;6;8;;;7;9;;;;;;;;;;10;6;6;;8;7;7;6;7;;;9;7;6;;8;7;;;10;7;;;;;;9;;;8;6;;;;;;;8;;8;;;;0
16383;DL;;6;;;;;;;;;;;;;;;;;;;;;;;7;;;;7;6;6;6;6;;;;;;;;;;;;;;;;;;;;;6;;;;;;;;;;6;;;;0
16385;DL;;8;;;;;9;8;6;7;6;10;;7;9;;;;6;;;;;;8;9;7;;8;8;6;8;9;;;10;7;8;;8;6;;;10;;;;;;;8;;;7;6;;;;;;;;9;7;;;;1
16386;DL;;8;;;;;6;6;6;6;6;;;7;7;;;;;;;;;;6;8;7;;8;10;7;6;6;;;9;6;7;;7;8;;;;;;;;;;7;;;8;6;;;;;;;;8;8;;;;0
16387;DL;;6;;;;;7;6;8;7;9;;;8;8;;;;;;;;;;6;6;9;;8;6;6;6;7;;;8;6;6;;9;;;;;;;;;;;7;;;7;6;;;;;;;;9;7;;;;0
16389;DL;;8;;;;;6;7;7;6;6;;;8;9;;;;;;;;;;8;9;9;;9;10;7;8;8;;;9;9;8;;7;9;;;6;;;;;;;8;;;9;6;;;;;;;;9;8;;;;0
16390;DL;;8;;;;;;;;;;;;;;;;;;;;;;;;;;;7;;;;;;;;;;;;;;;;;;;;;;;;;9;;;;;;;;;;;;;;0
16391;DL;;7;;;;;6;6;6;7;7;;;7;7;;;;;;;;;;9;6;6;;8;6;6;6;7;;;6;6;6;;8;10;;;10;;;;;;;6;;;6;7;;;;;;;;9;6;;;;0
16392;DL;;10;;;;;8;6;8;6;9;8;;10;9;;;;8;;;;;;10;9;7;;8;8;9;8;8;;;9;8;8;;9;7;;;10;;;;;;;10;;;9;7;;;;;;;;10;9;;;;1
16393;DL;;6;;;;;;;;;;;;;;;;;;;;;;;;;;;6;;7;;;;;;;;;;;;;;;;;;;;;;;6;;;;;;;;;;;;;;0
16394;DL;;9;;;;;8;8;8;8;6;8;;8;10;;;;7;;;;;;10;6;7;;8;7;7;9;8;;;8;7;7;;8;7;;;10;;;;;;;8;;;9;7;;;;;;;;10;8;;;;1
16395;DL;;;;;;;;;;;;;;;;;;;;;;;;;;;;;8;;;;8;;;;;;;;;;;;;;;;;;;;;7;;;;;;;;;;;;;;0
16396;DL;;9;;;;;8;7;6;7;6;9;;6;8;;;;;;;;;;9;7;7;;8;7;7;6;7;;;7;7;7;;;6;;;10;;;;;;;8;;;8;10;;;;;;;;9;6;;;;0
16398;DL;;;;;;;;;;;;;;;;;;;;;;;;;;;;;;;;;;;;;;;;;;;;;;;;;;;;;;;;;;;;;;;;;;;;0
16399;DL;;6;;;;;;;;;;;;;;;;;;;;;;;;;;;7;;6;;;;;;;;;;;;;;;;;;;;;;;7;;;;;;;;;;;;;;0
16400;DL;;7;;;;;7;6;8;10;9;;;7;6;;;;;;;;;;6;6;;;8;7;8;6;6;;;6;6;7;;7;7;;;9;;;;;;;7;;;8;6;;;;;;;;7;8;;;;0
16401;DL;;8;;;;;6;7;8;6;6;9;;7;6;;;;7;;;;;;6;6;6;;7;6;6;6;6;;;7;8;6;;7;7;;;9;9;10;10;8;;10;8;10;;8;6;;;;;;;9;9;7;;;;0
16404;DL;;9;;;;;6;6;;;7;;;;;;;;;;;;;;6;6;;;8;9;8;7;8;;;6;7;6;6;;8;;;;;;;;;;9;;;10;7;;;;;;;;7;7;;;;0
16408;DL;;9;;;;;6;6;6;8;6;;;8;9;;;;;;;;;;9;7;6;;8;6;9;8;7;;;6;7;7;;8;10;;;10;;;;;;;8;;;9;7;;;;;;;;10;7;;;;0
16409;DL;;7;;;;;6;6;6;6;8;;;7;6;;;;;;;;;;8;9;6;;7;6;7;6;6;;;8;6;7;;7;10;;;8;;;;;;;7;;;6;6;;;;;;;;7;7;;;;0
16410;DL;;6;;;;;7;;;7;6;;;;;;;;;;;;;;6;;;;7;8;8;8;6;;;;7;6;;;;;;;;;;;;;6;;;7;;;;;;;;;;6;;;;0
16412;DL;;;;;;;;;;;;;;;;;;;;;;;;;;;;;7;9;6;;;;;;;;;;;;;;;;;;;;;;;6;;;;;;;;;;;;;;0
16413;DL;;8;;;;;7;7;8;8;9;;;6;7;;;;;;;;;;7;9;8;;9;6;7;7;6;;;8;7;7;;8;7;;;7;;;;;;;8;;;8;7;;;;;;;;8;8;;;;0
16414;DL;;7;;;;;7;;8;;8;;;7;;;;;;;;;;;8;6;7;;7;7;7;8;6;;;8;6;7;;;8;;;8;;;;;;;8;;;9;7;;;;;;;;9;6;;;;0
16415;DL;;6;;;;;;;;;;;;;;;;;;;;;;;;;;;7;6;6;6;8;;;;;;;;;;;;;;;;;;;;;7;;;;;;;;;;;;;;0
16417;DL;;9;;;;;9;9;8;10;9;9;;8;8;;;;9;;;;;;9;6;9;;9;10;7;10;10;;;10;10;8;;8;9;;;10;;;;;;;10;;;9;10;;;;;;;;9;8;;;;1
16418;DL;;8;;;;;7;;;8;;;;;;;;;;;;;;;6;;;;7;6;6;6;6;;;;;6;;;;;;;;;;;;;7;;;8;;;;;;;;;;6;;;;0
16419;DL;;9;;;;;7;8;7;8;8;9;;8;9;;;;7;;;;;9;9;7;6;;8;9;8;8;10;;;10;10;8;;9;10;;;10;10;9;10;9;;9;9;9;;8;8;;;;;;;10;9;8;;;;1
16420;DL;;9;;;;;8;6;7;7;7;;;8;8;;;;;;;;;;10;6;7;;8;8;7;6;7;;;8;7;6;;8;6;;;9;9;10;10;8;;9;9;8;;10;7;;;;;;;10;8;8;;;;0
16421;DL;;8;;;;;;;;;;;;;;;;;;;;;;;6;;;;8;6;6;7;6;;;;6;7;;;;;;;;;;;;;8;;;8;;;;;;;;;;7;;;;0
16422;DL;;;;;;;;;;;;;;;;;;;;;;;;;;;;;;;6;;;;;;;;;;;;;;;;;;;;;;;8;;;;;;;;;;;;;;0
16424;DL;;9;;;;;7;6;8;6;7;;;8;7;;;;;;;;;;6;9;7;;7;8;8;8;6;;;8;6;6;;8;7;;;7;10;;;;;;9;;;9;6;;;;;;;;6;7;;;;0
16425;DL;;9;;;;;8;7;7;9;7;9;;8;9;;;;8;;;;;;7;9;6;;9;8;9;9;9;;;9;9;8;;9;7;;;10;;;;;;;9;;;9;9;;;;;;;;9;6;;;;1
16429;DL;;;;;;;;;;;;;;;;;;;;;;;;;;;;;;;;;;;;;;;;;;;;;;;;;;;;;;;;;;;;;;;;;;;;0
16430;DL;;;;;;;;;;;;;;;;;;;;;;;;;;;;;6;;8;;;;;;;;;;;;;;;;;;;;;;;;;;;;;;;;;;;;;0
16431;DL;;9;;;;;6;6;7;6;7;;;;;;;;;;;;;;7;6;6;;7;6;8;6;8;;;8;;7;;;9;;;;;;;;;;8;;;8;;;;;;;;;;7;;;;0
16432;DL;;6;;;;;;;;;;;;;;;;;;;;;;;;;;;;;;;;;;;;;;;;;;;;;;;;;;;;6;;;;;;;;;;;;;;0
16433;DL;;8;;;;;6;8;8;8;6;;;8;6;;;;;;;;;;6;7;7;;8;6;8;6;6;;;7;6;7;;7;8;;;8;;;;;;;8;;;9;7;;;;;;;;9;6;;;;0
16434;DL;;;;;;;;;;;;;;;;;;;;;;;;;;;;;7;;;;;;;;;;;;;;;;;;;;;;;;;7;;;;;;;;;;;;;;0
16435;DL;;;;;;;;;;;;;;;;;;;;;;;;;7;;;;8;6;7;;;;;;;;;;;;;;;;;;;;;;;7;;;;;;;;;;6;;;;0
16436;DL;;6;;;;;6;7;;6;8;;;;;;;;;;;;;;7;8;;;7;6;7;6;7;;;6;6;6;;;;;;;;;;;;;7;;;6;;;;;;;;;;7;;;;0
16437;DL;;9;;;;;;;;;;;;;;;;;;;;;;;;;;;8;;7;;;;;;;;;;;;;;;;;;;;;;;9;;;;;;;;;;;;;;0
16438;DL;;7;;;;;;;;;;;;;;;;;;;;;;;9;;;;8;;6;;;;;;;;;;;;;;;;;;;;;;;8;;;;;;;;;;6;;;;0
16440;DL;;6;;;;;6;6;6;6;10;;;7;7;;;;;;;;;;10;8;9;;7;8;8;8;8;;;8;10;6;;7;6;;;10;;;;;;;7;;;7;7;;;;;;;;8;7;;;;0
16442;DL;;7;;;;;6;6;7;8;6;;;8;6;;;;;;;;;;9;6;7;;8;6;6;6;6;;;6;;6;;7;9;;;10;;;;;;;7;;;7;6;;;;;;;;6;7;;;;0
16443;DL;;7;;;;;;;;;;;;;;;;;;;;;;;6;;;;7;6;7;7;7;;;;6;6;;;;;;;;;;;;;7;;;8;;;;;;;;;;6;;;;0
16444;DL;;7;;;;;8;7;6;8;7;;;8;8;;;;;;;;;;10;8;6;;7;7;8;6;6;;;7;7;6;;8;8;;;9;;;;;;;9;;;8;7;;;;;;;;9;6;;;;0
16445;DL;;;;;;;;;;;;;;;;;;;;;;;;;;;;;;;;;;;;;;;;;;;;;;;;;;;;;;;;;;;;;;;;;;;;0
16446;DL;;9;;;;;9;7;6;6;8;8;;8;8;;;;8;;;;;;8;7;8;;9;10;8;10;8;;;9;8;6;;8;7;;;10;;;;;;;9;;;9;7;;;;;;;;8;8;;;;1
16447;DL;;7;;;;;;;;;;;;;;;;;;;;;;;;;;;6;;7;;;;;;;;;;;;;;;;;;;;;;;8;;;;;;;;;;6;;;;0
16449;DL;;6;;;;;;;;;;;;;;;;;;;;;;;;;;;7;7;6;7;6;;;;;;;;;;;;;;;;;;;;;8;;;;;;;;;;;;;;0
16450;DL;;9;;;;;6;9;8;6;6;10;;9;10;;;;;;;;;;6;7;6;;9;6;8;6;8;;;6;7;6;;9;8;;;9;;;;;;;9;;;9;10;;;;;;;;10;6;;;;0
16451;DL;;8;;;;;;;;;6;;;;;;;;;;;;;;6;;;;6;;7;;7;;;;;;;;;;;;;;;;;;7;;;9;;;;;;;;;;8;;;;0
16452;DL;;8;;;;;;;;;;;;;;;;;;;;;;;;;;;7;;6;;;;;;;;;;;;;;;;;;;;;;;9;;;;;;;;;;6;;;;0
16454;DL;;;;;;;;;;;;;;;;;;;;;;;;;;;;;6;;;;;;;;;;;;;;;;;;;;;;;;;;;;;;;;;;;;;;;0
16455;DL;;7;;;;;;;;;;;;;;;;;;;;;;;;;;;8;7;7;;6;;;;;;;;;;;;;;;;;;;;;8;;;;;;;;;;7;;;;0
16457;DL;;6;;;;;;;;;;;;;;;;;;;;;;;;;;;7;7;;;7;;;;;6;;;;;;;;;;;;;;;;6;;;;;;;;;;7;;;;0
16458;DL;;8;;;;;;;;;;;;;;;;;;;;;;;;;;;6;;7;;6;;;;;;;;;;;;;;;;;;;;;8;;;;;;;;;;6;;;;0
16459;DL;;6;;;;;7;7;7;8;10;8;;6;7;;;;7;;;;;;9;6;7;;8;6;7;6;7;;;8;7;6;;6;7;;;7;;;;;;;6;;;7;7;;;;;;;;8;6;;;;1
16461;DL;;7;;;;;;;;;10;;;;;;;;;;;;;;10;;;;9;;7;;6;;;;;;;;;;;;;;;;;;;;;8;;;;;;;;;;8;;;;0
16462;DL;;6;;;;;;;;;;;;;;;;;;;;;;;6;;;;7;;6;6;6;;;;;;;;;;;;;;;;;;;;;8;;;;;;;;;;6;;;;0
16463;DL;;7;;;;;6;6;6;6;6;7;;7;6;;;;;;;;;;7;6;6;;7;7;6;7;7;;;6;8;7;;9;6;;;6;;;10;;;;7;;;7;7;;;;;;;;10;8;;;;0
16464;DL;;8;;;;;;;;;10;;;;;;;;;;;;;;6;9;;;8;7;6;;7;;;;;7;;;;;;;;;;;;;8;;;8;;;;;;;;;;7;;;;0
16467;DL;;9;;;;;6;10;;7;8;;;;;;;;;;;;;;6;8;;;9;6;6;6;6;;;6;6;7;;6;7;;;;;;;;;;8;;;9;7;;;;;;;;;7;;;;0
16468;DL;;8;;;;;7;;6;7;6;;;;;;;;;;;;;;10;;;;8;6;7;7;6;;;;6;7;;;;;;;;;;;;;10;;;9;;;;;;;;;;8;;;;0
16469;DL;;8;;;;;6;6;6;6;7;;;8;9;;;;;;;;;;6;6;9;;7;6;7;7;6;;;6;6;6;;7;9;;;10;;;;;;;8;;;8;6;;;;;;;;7;6;;;;0
16470;DL;;;;;;;;;;;;;;;;;;;;;;;;;;;;;7;;;;;;;;;;;;;;;;;;;;;;;;;8;;;;;;;;;;;;;;0
16473;DL;;8;;;;;;;;;;;;;;;;;;;;;;;6;;;;7;7;7;;6;;;;;;;;;;;;;;;;;;6;;;8;;;;;;;;;;8;;;;0
16475;DL;;;;;;;;;;;;;;;;;;;;;;;;;;;;;8;;7;;;;;;;;;;;;;;;;;;;;;;;7;;;;;;;;;;7;;;;0
16478;DL;;6;;;;;;;;;;;;;;;;;;;;;;;;;;;;;;;;;;;;;;;;;;;;;;;;;;;;7;;;;;;;;;;;;;;0
16479;DL;;;;;;;;;;;;;;;;;;;;;;;;;;;;;;;;;;;;;;;;;;;;;;;;;;;;;;6;;;;;;;;;;;;;;0
16481;DL;;7;;;;;;;;;7;;;;;;;;;;;;;;7;;;;8;6;7;6;6;;;;6;;;;;;;;;;;;;;7;;;8;;;;;;;;;;6;;;;0
16482;DL;;7;;;;;6;6;6;7;6;;;6;6;;;;;;;;;;6;8;;;7;6;7;7;6;;;8;6;8;;8;7;;;10;;;;;;;6;;;9;6;;;;;;;;7;8;;;;0
16483;DL;;6;;;;;7;6;8;6;7;9;;8;8;;;;;;;;;;6;6;6;;7;6;8;6;6;;;7;7;7;;8;9;;;9;;;;;;;6;;;6;7;;;;;;;;7;6;;;;0
16485;DL;;;;;;;;;;;;;;;;;;;;;;;;;;;;;6;;;;;;;;;;;;;;;;;;;;;;;;;8;;;;;;;;;;;;;;0
16487;DL;;;;;;;;;;;;;;;;;;;;;;;;;;;;;7;;;;;;;;;;;;;;;;;;;;;;;;;8;;;;;;;;;;;;;;0
16488;DL;;7;;;;;;;;8;;;;6;;;;;;;;;;;7;;;;7;7;7;6;6;;;;7;7;;;;;;;;;;;;;8;;;7;;;;;;;;;;6;;;;0
16489;DL;;7;;;;;;;;;6;;;;;;;;;;;;;;10;8;;;7;;7;6;8;;;;;;;;;;;;;;;;;;8;;;7;;;;;;;;;;6;;;;0
16491;DL;;7;;;;;;7;;6;;;;;;;;;;;;;;;6;6;;;7;6;6;6;6;;;6;6;6;;;;;;;;;;;;;6;;;8;6;;;;;;;;;6;;;;0
16494;DL;;6;;;;;;;;;;;;;;;;;;;;;;;;;;;6;;6;;6;;;;;;;;;;;;;;;;;;;;;6;;;;;;;;;;6;;;;0
16495;DL;;8;;;;;;;;;;;;;;;;;;;;;;;;;;;8;;6;;;;;;;;;;;;;;;;;;;;;;;8;;;;;;;;;;;;;;0
16496;DL;;8;;;;;7;6;6;;9;;;;;;;;;;;;;;6;8;7;;7;6;8;7;6;;;6;;6;;;8;;;;;;;;;;8;;;8;7;;;;;;;;9;9;;;;0
16497;DL;;7;;;;;;;;;;;;;;;;;;;;;;;;;;;6;;7;;6;;;;;;;;;;;;;;;;;;;;;8;;;;;;;;;;6;;;;0
16498;DL;;7;;;;;;;;;;;;;;;;;;;;;;;7;;;;7;7;6;6;7;;;;;;;;;;;;;;;;;;6;;;8;;;;;;;;;;6;;;;0
16499;DL;;7;;;;;7;6;6;7;6;;;;;;;;;;;;;;6;6;;;8;6;8;10;8;;;;8;6;;;;;;;;;;;;;7;;;9;6;;;;;;;;;8;;;;0
16500;DL;;7;;;;;;;;;;;;;;;;;;;;;;;;;;;6;;;;;;;;;;;;;;;;;;;;;;;;;8;;;;;;;;;;6;;;;0
16502;DL;;8;;;;;7;7;7;6;7;;;7;6;;;;;;;;;;6;6;6;;8;6;6;9;7;;;6;8;7;;8;9;;;8;;;;;;;8;;;8;7;;;;;;;;8;8;;;;0
16503;DL;;;;;;;9;7;6;;7;10;;8;8;;;;;;;;;;7;6;6;;9;;9;10;;;;10;;8;;9;7;;;10;;;;;;;10;;;;7;;;;;;;;10;7;;;;0
16504;DL;;;;;;;;;;;;;;;;;;;;;;;;;;;;;8;;;;;;;;;;;;;;;;;;;;;;;;;9;;;;;;;;;;;;;;0
16505;DL;;;;;;;;;;;;;;;;;;;;;;;;;;;;;;;;;;;;;;;;;;;;;;;;;;;;;;6;;;;;;;;;;;;;;0
16507;DL;;8;;;;;;;;;;;;;;;;;;;;;;;;;;;7;;;;;;;;;;;;;;;;;;;;;;;;;9;;;;;;;;;;;;;;0
16511;DL;;7;;;;;;;;;;;;;;;;;;;;;;;10;6;;;6;9;7;;6;;;;;;;;;;;;;;;;;;;;;7;;;;;;;;;;6;;;;0
16516;DL;;8;;;;;;;;;;;;;;;;;;;;;;;8;;;;8;6;6;;6;;;;;;;;;;;;;;;;;;;;;9;;;;;;;;;;7;;;;0
16517;DL;;6;;;;;7;6;7;7;;;;;8;;;;;;;;;;6;7;6;;7;7;7;6;7;;;6;6;6;;8;8;;;8;;;;;;;7;;;7;7;;;;;;;;8;8;;;;0
16518;DL;;;;;;;;;;;;;;;;;;;;;;;;;;;;;6;;;;;;;;;;;;;;;;;;;;;;;;;8;;;;;;;;;;;;;;1
16519;DL;;7;;;;;7;8;8;9;8;8;;8;7;;;;7;;;;;;;8;9;;8;10;;;8;;;10;;7;;7;9;;;8;;;;;;;8;;;7;7;;;;;;;;9;6;;;;0
16521;DL;;;;;;;;;;;;;;;;;;;;;;;;;;;;;7;;6;;;;;;;;;;;;;;;;;;;;;;;;;;;;;;;;;;;;;0
16524;DL;;;;;;;;;;;;;;;;;;;;;;;;;;;;;;;;;;;;;;;;;;;;;;;;;;;;;;;;;;;;;;;;;;;;0
16525;DL;;7;;;;;;;;;;;;;;;;;;;;;;;;;;;7;;6;;7;;;;;;;;;;;;;;;;;;;;;9;;;;;;;;;;;;;;0
16527;DL;;7;;;;;;;;;9;;;;;;;;;;;;;;8;;;;7;6;6;;6;;;;7;;;;;;;;;;;;;;8;;;8;;;;;;;;;;6;;;;0
16528;DL;;6;;;;;;;;;;;;;;;;;;;;;;;6;;;;8;7;7;6;8;;;;;6;;;;;;;;;;;;;7;;;7;;;;;;;;;;6;;;;1
16529;DL;;7;;;;;6;6;6;7;10;8;;6;6;;;;7;;;;;;8;6;10;;6;6;6;7;6;;;8;7;6;;8;8;;;9;;;;;;;8;;;8;7;;;;;;;;9;6;;;;0
16530;DL;;;;;;;;;;;;;;;;;;;;;;;;;;;;;7;;;;;;;;;;;;;;;;;;;;;;;;;;;;;;;;;;;;;;;0
16531;DL;;7;;;;;;;;;;;;;;;;;;;;;;;6;;;;7;6;6;6;7;;;;;;;;;;;;;;;;;;7;;;7;;;;;;;;;;6;;;;0
16532;DL;;;;;;;;;;;8;;;;;;;;;;;;;;8;;;;6;;6;;7;;;;;;;;;;;;;;;;;;;;;6;;;;;;;;;;6;;;;0
16533;DL;;6;;;;;7;8;6;8;6;;;6;7;;;;;;;;;;7;6;9;;7;6;7;8;6;;;6;7;7;;7;8;;;9;;;;;;;8;;;6;7;;;;;;;;7;7;;;;0
16534;DL;;;;;;;;;;;;;;;;;;;;;;;;;;;;;;;6;;;;;;;;;;;;;;;;;;;;;;;9;;;;;;;;;;;;;;1
16535;DL;;7;;;;;9;8;7;8;7;8;;7;9;;;;7;;;;;;8;6;6;;8;6;7;7;6;;;10;7;7;;8;7;;;10;;;;;;;9;;;7;7;;;;;;;;9;7;;;;0
16536;DL;;8;;;;;;;;;;;;;;;;;;;;;;;6;;;;7;;6;;7;;;;;;;;;;;;;;;;;;;;;8;;;;;;;;;;;;;;0
16537;DL;;;;;;;;;;;;;;;;;;;;;;;;;;;;;8;;;;;;;;;;;;;;;;;;;;;;;;;;;;;;;;;;;;;;;0
16570;DL;8;6;8;8;8;6;7;7;7;;6;;;;;;;;;7;;;;;9;8;6;6;;;;;;;;;;;;;;;;;;;;;;;;;;;;;;;;;6;;;6;8;7;;0
16571;DL;;;;;;;;;;;;;;;;;;;;;;;;;;;;;;;;;;;;;;;;;;;;;;;;;;;;;;;;;;;;;;;;;;;;0
16572;DL;6;9;6;7;6;8;8;6;8;;;;;;;;;;;;;;;;8;10;7;6;;;;;;;;;;;;;;;;;;;;;;;;;;;;;;;;;6;;;7;10;9;;0
16573;DL;8;8;6;8;8;7;7;7;6;7;6;9;8;8;6;;;7;;6;6;8;;;6;6;7;7;;;;;;;;;;;;;;;;;;;;;;;8;;;;;;;;;;6;;;7;6;8;;0
16574;DL;;8;;;;;6;6;6;7;6;8;;8;6;;;;;;;;;;6;6;8;;8;8;6;6;6;;;6;;7;;9;9;;;7;;;;;;;9;;;9;7;;;;;;;;7;6;;;;0
16575;DL;;;;;;;;;;;;;;;;;;;;;;;;;6;;;;6;6;;;6;;;;;;;;;;;;;;;;;;;;;6;;;;;;;;;;7;;;;0
16576;DL;8;9;;8;7;7;7;8;8;9;6;;8;;7;;;;;7;7;;;;10;10;8;6;;;;;;;;;;;;;;;;;;;;;;;9;;;;;;;;;;6;;;8;9;10;8;0
16577;DL;;7;;;;;;;;;;;;;;;;;;;;;;;;;;;7;;7;;7;;;;;;;;;;;;;;;;;;;;;9;;;;;;;;;;7;;;;0
16578;DL;;9;;;;;;;;;7;;;;;;;;;;;;;;6;;;;6;;6;7;6;;;;;;;;;;;;;;;;;;;;;9;;;;;;;;;;6;;;;1
16579;DL;6;9;7;6;8;6;7;8;8;6;6;8;8;9;6;;;8;6;7;8;;;9;7;6;7;6;;;;;;;;;;;;;;;;;;;;;;;10;;;;;;;;;;6;;;7;6;10;9;0
16580;DL;6;9;8;8;6;6;7;8;8;;;;;;;;;;;;;;;;7;8;;6;;;;;;;;;;;;;;;;;;;;;;;;;;;;;;;;;7;;;6;6;10;;0
16581;DL;7;7;8;8;6;6;8;7;8;6;;;9;8;6;;;;;8;;;;;6;6;6;8;;;;;;;;;;;;;;;;;;;;;;;7;;;;;;;;;;6;;;7;6;7;6;0
16582;DL;6;7;8;6;6;6;9;8;7;6;7;;8;7;6;;;7;;7;7;;;;6;6;6;6;;;;;;;;;;;;;;;;;;;;;;;7;;;;;;;;;;9;;;8;7;6;6;0
16583;DL;9;7;8;9;8;9;10;8;9;6;7;8;8;8;7;;;;;7;6;;;;10;6;6;7;;;;;;;;;;;;;;;;;;;;;;;8;;;;;;;;;;8;;;7;10;8;8;0
16584;DL;6;6;8;;;7;7;;6;7;6;;;;7;;;;;7;6;;;;;6;8;7;;;;;;;;;;;;;;;;;;;;;;;7;;;;;;;;;;6;;;6;6;;6;0
16585;DL;;7;;;;;;;;;8;;;;;;;;;;;;;;7;;;;8;;7;;7;;;;;;;;;;;;;;;;;;;;;7;;;;;;;;;;7;;;;0
16586;DL;6;7;7;6;7;6;8;7;7;;;;8;7;;;;8;;;;;;;8;6;8;6;;;;;;;;;;;;;;;;;;;;;;;6;;;;;;;;;;6;;;7;7;8;;0
16587;DL;7;;6;7;7;;;;;;;;;;;;;;;;;;;;6;;;;;;;;;;;;;;;;;;;;;;;;;;;;;;;;;;;;;;;;;6;;0
16588;DL;;;;;;;;;;;;;;;;;;;;;;;;;;;;;8;;;;;;;;;;;;;;;;;;;;;;;;;;;;;;;;;;;;;;;0
16589;DL;;7;;;;;;;;;;;;;;;;;;;;;;;7;;;;6;;6;;6;;;;;6;;;;;;;;;;;;;;;;8;;;;;;;;;;6;;;;0
16591;DL;9;10;9;;;9;10;9;9;8;7;;10;;8;;;;;9;7;;;;;7;6;9;;;;;;;;;;;;;;;;;;;;;;;10;;;;;;;;;;8;;;7;;;;0
17589;DL;7;;;;;;;;;;;;;;;;;;;;;;;;6;;;;;;;;;;;;;;;;;;;;;;;;;;;;;;;;;;;;;;;7;;;;0
17590;DL;;6;;;;;;;;;;;;;;;;;;;;;;;;;;;;;6;;;7;;;;;;;;;;;;;;;;;;;;6;;;;;;;;;;;;;;0
17591;DL;6;7;7;6;9;6;8;6;7;6;10;;;9;7;;;;;7;;;;;8;7;6;6;;;;;;;;;;;;;;;;;;;;;;;7;;;;;;;;;;9;;;7;6;8;6;1
17592;DL;8;9;8;7;7;10;7;7;8;9;6;8;6;9;8;;9;;8;7;7;8;;10;7;7;6;6;;;;;;;;;;;;;;;;;;;;;;;8;;;;;;;;;;6;;;7;8;9;;0
17593;DL;8;8;8;8;7;6;8;7;7;;6;8;;;;;;;;8;;9;;;10;7;6;6;;;;;;;;;;;;;;;;;;;;;;;7;;;;;;;;;;7;;;8;7;9;;0
17594;DL;10;10;10;10;10;7;10;9;10;8;7;;10;;7;;;;10;10;;;;;10;10;10;10;;;;;;;;;;;;;;;;;;;;;;;10;;;;;;;;;;10;;;10;10;10;9;0
17595;DL;;;;;;;;;;;;;;8;;;;8;;7;7;;;;;;;;;;;;;;;;;;;;;;;;;;;;;;7;;;;;;;;;;;;;;;;;1
17596;DL;10;10;10;10;9;8;9;8;8;8;8;8;8;9;;;9;;9;6;10;8;;10;8;8;7;10;;;;;;;;;;;;;;;;;;;;;;;10;;;;;;;;;;10;;;7;8;10;;0
17597;DL;6;7;6;6;6;7;7;6;7;6;;;;;6;;;;;7;;;;;7;6;6;6;;;;;;;;;;;;;;;;;;;;;;;;;;;;;;;;;6;;;7;6;6;10;1
17598;DL;6;8;8;6;9;6;8;8;8;6;8;7;7;7;9;;;9;7;7;7;;;10;7;8;7;9;;;;;;;;;;;;;;;;;;;;;;;9;;;;;;;;;;8;;;8;6;8;10;0
17599;DL;6;8;6;6;10;6;8;6;7;8;8;9;8;8;7;;10;;7;9;7;;;;7;7;6;7;;;;;;;;;;;;;;;;;;;;;;;7;;;;;;;;;;7;;;9;8;8;10;0
17600;DL;6;7;8;6;7;7;9;;;;;;;;;;;;;;;;;;;;;6;;;;;;;;;;;;;;;;;;;;;;;;;;;;;;;;;;;;7;6;8;;0
16510;Inclass;;9;;;;;9;8;10;9;6;9;;9;10;;;;8;;;;;;8;8;9;;8;8;8;10;9;;;10;10;8;;9;7;;;10;;;;;;7;10;10;;9;8;10;9;9;8;9;;;9;8;;;;0
16509;Inclass;;9;;;;;8;6;7;7;8;6;;8;8;;;;;;;;;;10;6;7;;8;8;8;6;9;;;7;6;7;7;7;8;;;10;;;;;;;9;;;9;;;;;;;;;9;6;;;;0
16508;Inclass;;8;;;;;6;10;;;7;;;;;;;;;;;;;;9;6;;;7;8;7;7;7;;;;;;;;6;;;;;;;;;;7;;;8;;;;;;;;;;7;;;;0
16501;Inclass;;9;;;;;6;6;7;8;6;9;;9;9;;;;;;;;;;8;8;8;;9;8;8;7;8;;;6;8;6;;8;9;;;8;;;;;;;8;;;9;7;;;;;;;;9;8;;;;0
16486;Inclass;;9;;;;;8;7;8;9;6;9;;8;9;;;;7;;;;;;10;8;6;;8;8;8;8;8;;;9;8;7;;9;8;;;9;;;;;;;9;;;9;7;;;;;;;;9;7;;;;1
16471;Inclass;;7;;;;;7;8;6;10;8;;;7;7;;;;;;;;;;9;6;7;;7;6;8;8;7;;;7;7;6;;;7;;;10;;;;;;;9;;;7;7;;;;;;;;8;6;;;;0
16466;Inclass;;7;;;;;6;7;;6;6;;;;;;;;;;;;;;7;7;;;8;7;7;7;9;;;6;7;6;;;8;;;;;;;;;;7;;;8;6;;;;;;;;;7;;;;0
16460;Inclass;;6;;;;;7;6;7;7;8;;;8;7;;;;;;;;;;9;6;6;;8;6;7;6;6;;;8;6;6;;7;8;;;10;;;;;;;6;;;6;7;;;;;;;;9;6;;;;0
16448;Inclass;;7;;;;;6;6;6;6;7;;;;7;;;;;;;;;;9;6;8;;9;6;6;7;6;;;6;6;6;;10;7;;;10;8;;;10;;;7;;;8;6;;;;;;;;7;6;;;;0
16439;Inclass;;9;;;;;7;6;7;6;7;;;7;7;;;;;;;;;;8;6;6;;9;8;7;9;7;;;8;8;6;;9;10;;;10;;;;;;;9;;;9;7;;;;;;;;9;7;;;;0
16423;Inclass;;7;;;;;7;6;7;6;9;8;;10;7;;;;7;;;;;;6;6;6;;7;7;6;8;7;;;7;6;6;;8;8;;;10;9;10;10;9;;8;8;7;;9;7;;;;;;;9;9;7;;;;0
16403;Inclass;;8;;;;;7;8;7;6;9;9;;9;8;;;;;;;;;;9;8;7;;8;8;7;8;7;;;8;9;7;;9;9;;;10;;;;;;;9;;;9;7;;;;;;;;8;8;;;;0
16402;Inclass;;9;;;;;7;7;7;9;8;10;;9;8;;;;8;;;;;;10;9;7;;8;7;7;7;8;;;10;8;6;;8;7;;;10;;;;;;;10;;;9;10;;;;;;;;8;7;;;;1
16388;Inclass;;8;;;;;9;6;9;6;7;8;;8;8;;;;;;;;;;10;8;7;;8;6;6;6;8;;;9;7;8;;9;9;;;10;9;9;9;9;;7;8;8;;7;10;;;;;;;9;9;9;;;;0
16384;Inclass;;8;;;;;8;6;7;8;6;8;;8;6;;;;8;;;;;;10;6;7;;8;8;7;8;7;;;7;8;6;;9;8;;;10;10;10;8;9;;8;9;9;;9;6;;;;;;;9;8;7;;;;0
16371;Inclass;;9;;;;;9;7;6;6;6;9;;7;8;;;;6;;;;;;9;7;6;;6;7;7;8;8;;;8;8;7;;8;9;;;10;9;9;10;7;;8;10;8;;8;7;;;;;;;10;9;7;;;;0
16370;Inclass;;7;;;;;7;7;6;9;6;;;8;8;;;;;;;;;;10;6;7;;8;9;7;6;8;;;6;6;6;;7;7;;;10;;;;;;;6;;;7;6;;;;;;;;8;7;;;;0
16365;Inclass;;8;;;;;9;6;10;7;8;10;;8;7;;;;;;;;;;10;6;10;;8;10;9;10;8;;;8;8;6;;10;7;;;10;;;;;;;9;;;9;6;;;;;;;;9;6;;;;0
16359;Inclass;;7;;;;;7;;6;;6;;;;7;;;;;;;;;;10;6;;;9;6;8;7;9;;;7;6;6;;;7;;;;;;;;;;8;;;8;6;;;;;;;;9;7;;;;0
16356;Inclass;;7;;;;;;;;;;;;;;;;;;;;;;;;;;;9;;6;;6;;;;;;;;;;;;;;;;;;;;;8;;;;;;;;;;6;;;;0
16345;Inclass;;6;;;;;7;8;7;7;9;9;;8;8;;;;;;;;;;9;7;6;;7;6;7;7;7;;;10;7;7;;8;7;;;10;;;;;;;6;;;7;7;;;;;;;;9;6;;;;0
16341;Inclass;;8;;;;;8;6;6;8;10;9;;8;7;;;;7;;;;;;10;7;8;;9;10;7;7;9;;;9;8;6;;8;6;;;9;;;;;;;9;;;8;8;;;;;;;;9;7;;;;1
16339;Inclass;;7;;;;;8;7;6;7;6;8;;8;8;;;;;;;;;;6;7;9;;8;9;8;10;10;;;7;10;7;;9;9;;;10;;;;;;;7;;;8;7;;;;;;;;10;7;;;;0
16338;Inclass;;8;;;;;6;9;6;6;6;;;6;6;;;;;;;;;;6;7;6;;7;7;6;6;8;;;6;7;6;;6;8;;;;;;;;;;8;;;9;6;;;;;;;;7;7;;;;0
16336;Inclass;;7;;;;;7;6;9;9;6;9;;10;9;;;;8;;;;;;10;10;6;;9;7;8;8;9;;;8;8;7;;8;8;;;10;;;;;;;8;;;8;10;;;;;;;;10;6;;;;1
16333;Inclass;;9;;;;;10;8;10;10;10;10;;8;10;;;;10;;;;;;9;8;8;;9;9;7;8;8;;;10;10;8;;9;10;;;10;;;;;;;10;;;10;10;;;;;;;;9;8;;;;1
16326;Inclass;;10;;;;;8;6;6;8;10;8;;10;8;;;;;;;;;;8;9;6;;8;8;8;8;9;;;6;7;6;;7;9;;;10;;;;;;;10;;;10;7;;;;;;;;10;8;;;;0
16324;Inclass;;9;;;;;6;7;7;6;7;7;;7;9;;;;;;;;;;6;8;6;;7;7;6;7;10;;;8;8;6;;8;10;;;10;;;;;;;10;;;10;6;;;;;;;;10;8;;;;0
16323;Inclass;;7;;;;;8;8;10;6;10;10;;8;9;;;;7;;;;;;10;7;8;;8;6;8;6;9;;;8;7;6;;9;8;;;10;;;;;;;9;;;7;6;;;;;;;;9;6;;;;1
16322;Inclass;;8;;;;;7;;6;6;6;;;;8;;;;;;;;;;6;7;6;;7;7;6;9;7;;;9;8;8;;;;;;;;;;;;;7;;;8;7;;;;;;;;10;7;;;;0
1;Inclass;;8;;;;;;;;;;;;;;;;;;;;;;;7;6;;;7;6;7;;6;;;;;;;;;;;;;;;;;;8;;;8;;;;;;;;;;6;;;;1
2;DL;;9;;;;;;;;;;;;;;;;;;;;;;;7;;;;7;6;6;6;6;;;;;7;;;;;;;;;;;;;8;;;9;;;;;;;;;;8;;;;1
3;DL;;8;;;;;6;8;;6;;;;8;;;;;;;;;;;7;6;;;7;8;6;6;8;;;7;6;7;;6;7;;;;;;;;;;7;;;9;6;;;;;;;;;6;;;;1
4;DL;;8;;;;;7;9;6;7;9;9;;9;8;;;;8;;;;;9;7;7;6;;8;8;7;9;9;;;8;8;7;;8;10;;;10;9;9;9;10;;7;8;9;;9;6;;;;;;;9;10;6;;;;1
5;DL;;9;;;;;6;8;;7;;;;;;;;;;;;;;;8;7;;;8;7;7;7;9;;;6;6;7;;;;;;;;;;;;;9;;;10;6;;;;;;;;;8;;;;1
6;DL;;7;;;;;6;8;6;7;6;8;;7;7;;;;7;;;;;;10;6;6;;8;6;6;8;6;;;8;6;6;;7;9;;;10;;;;;;;8;;;7;7;;;;;;;;9;7;;;;1
7;DL;;;;;;;;;;;;;;;;;;;;;;;;;;;;;;;;;;;;;;;;;;;;;;;;;;;;;;;;;;;;;;;;;;;;1
8;DL;;6;;;;;6;6;8;6;6;8;;7;7;;;;;;;;;;6;6;6;;7;8;8;6;6;;;6;7;7;;7;8;;;8;7;10;10;;;10;7;10;;7;7;;;;;;;9;9;6;;;;1
9;DL;;7;;;;;6;7;7;7;6;8;;8;8;;;;8;;;;;;9;6;9;;8;6;6;6;6;;;9;6;6;;7;6;;;9;;;;;;;7;;;8;7;;;;;;;;8;8;;;;1
10;DL;;7;;;;;8;6;8;10;8;10;;8;9;;;;8;;;;;;7;7;8;;7;6;6;6;6;;;9;7;9;;9;9;;;9;10;10;9;8;;10;8;10;;7;7;;;;;;;10;10;6;;;;1
11;DL;;9;;;;;8;6;6;9;6;9;;7;8;;;;;;;;;;6;7;8;;7;9;7;6;7;;;8;7;6;;8;10;;;10;;;;;;;8;;;9;6;;;;;;;;10;9;;;;1
12;DL;;8;;;;;7;6;6;6;6;;;8;8;;;;;;;;;;8;6;6;;9;6;8;6;6;;;6;6;6;;7;9;;;9;;;;;;;9;;;10;7;;;;;;;;;8;;;;1
13;DL;;;;;;;;;;;;;;;;;;;;;;;;;;;;;7;;6;;6;;;;;;;;;;;;;;;;;;;;;6;;;;;;;;;;;;;;1
14;DL;;10;;;;;7;8;6;7;10;;;7;8;;;;;;;;;;10;8;7;;9;9;8;9;7;;;9;6;8;;9;8;;;10;;;;;;;10;;;10;10;;;;;;;;8;8;;;;1
15;DL;;8;;;;;6;6;;6;8;;;7;6;;;;;;;;;;6;7;6;;8;6;7;7;6;;;6;7;7;;7;8;;;8;;;;;;;8;;;8;6;;;;;;;;7;6;;;;1
16;DL;;7;;;;;6;6;6;8;8;8;;6;8;;;;;;;;;;6;6;6;;7;6;7;6;6;;;7;6;6;;;9;;;8;;;;;;;6;;;6;7;;;;;;;;8;6;;;;1
17;DL;;7;;;;;7;6;8;6;7;8;;8;8;;;;;;;;;;6;8;6;;9;7;7;9;6;;;9;7;6;;8;8;;;8;;;;;;;8;;;7;6;;;;;;;;9;8;;;;1
18;DL;;7;;;;;;;;;;;;;;;;;;;;;;;7;;;;7;6;7;6;6;;;;;7;;;;;;;;;;;;;7;;;7;;;;;;;;;;6;;;;1
19;DL;;;;;;;;;;;;;;;;;;;;;;;;;;;;;;;;;;;;;;;;;;;;;;;;;;;;;;;;;;;;;;;;;;;;1
20;DL;;8;;;;;8;6;6;8;6;;;7;7;;;;;;;;;;8;7;8;;8;6;6;7;6;;;8;8;6;;;6;;;9;;;;;;;7;;;6;7;;;;;;;;9;7;;;;1
21;DL;;7;;;;;;;;;;;;;;;;;;;;;;;6;;;;7;6;7;6;9;;;;;;;;;;;;;;;;;;;;;6;;;;;;;;;;6;;;;1
22;DL;;8;;;;;7;8;6;6;10;;;;;;;;;;;;;;8;6;8;;9;6;6;6;7;;;7;;6;;;8;;;;;;;;;;8;;;8;6;;;;;;;;;7;;;;1
23;DL;;6;;;;;;;;;;;;;;;;;;;;;;;;;;;6;;6;;6;;;;;;;;;;;;;;;;;;;;;6;;;;;;;;;;7;;;;1
24;DL;;8;;;;;7;6;7;7;6;;;6;7;;;;;;;;;;10;9;;;8;6;8;6;6;;;6;6;6;;;6;;;7;;;;;;;7;;;7;7;;;;;;;;10;7;;;;1
25;DL;;8;;;;;7;6;6;6;7;;;8;6;;;;;;;;;;6;7;6;;8;6;6;8;7;;;7;7;6;;7;9;;;8;;;;;;;8;;;8;6;;;;;;;;7;8;;;;1
26;DL;;7;;;;;7;6;;7;;;;6;;;;;;;;;;;6;7;;;6;6;6;7;7;;;7;6;6;;6;;;6;;;;;;;;7;;;8;7;;;;;;;;;7;;;;1
27;DL;;9;;;;;;;;;;;;;;;;;;;;;;;;;;;7;;6;;6;;;;;;;;;;;;;;;;;;;;;8;;;;;;;;;;;;;;1
28;DL;;9;;;;;9;6;7;10;9;7;;9;8;;;;8;;;;;;9;6;7;;7;7;7;7;8;;;7;7;7;;8;10;;;8;;;;;;;10;;;8;10;;;;;;;;10;8;;;;1
29;DL;;7;;;;;6;;6;7;6;;;7;;;;;;;;;;;6;6;6;;8;6;8;6;8;;;;7;7;;;6;;;10;;;;;;;8;;;8;7;;;;;;;;7;7;;;;1
30;DL;;10;;;;;8;6;8;7;9;8;;8;10;;;;10;;;;;;10;8;10;;9;10;8;9;9;;;9;7;8;;8;10;;;10;;;;;;;10;;;10;10;;;;;;;;9;10;;;;1
31;DL;;;;;;;;;;;;;;;;;;;;;;;;;;;;;;;;;;;;;;;;;;;;;;;;;;;;;;;;;;;;;;;;;;;;1
32;DL;;8;;;;;7;9;8;8;7;9;;8;7;;;;6;;;;;;7;6;8;;7;8;7;10;6;;;6;8;8;;10;6;;;8;;;;;;;9;;;8;10;;;;;;;;9;6;;;;1
33;DL;;8;;;;;6;6;8;8;8;;;7;7;;;;;;;;;;7;6;9;;7;6;8;6;7;;;8;8;6;;7;6;;;8;;;;;;;9;;;8;6;;;;;;;;8;6;;;;1
34;DL;;7;;;;;7;7;8;9;6;9;;6;9;;;;;;;;;;9;8;6;;8;6;8;6;6;;;8;6;6;;9;6;;6;;10;10;8;8;;10;8;10;;8;7;;;;;;;9;10;8;;;;1
35;DL;;8;;;;;8;6;9;7;10;9;;8;8;;;;;;;;;;10;6;7;;9;8;8;8;8;;;10;10;7;;8;7;;;7;;;;;;;8;;;7;7;;;;;;;;9;7;;;;1
36;DL;;6;;;;;;;;;;;;;;;;;;;;;;;;;;;7;;;;6;;;;;;;;;;;;;;;;;;;;;6;;;;;;;;;;;;;;1
37;DL;;6;;;;;;;;;;;;;;;;;;;;;;;;;;;7;;;;;;;;;;;;;;;;;;;;;;;;;7;;;;;;;;;;;;;;1
38;DL;;;;;;;;;;;;;;;;;;;;;;;;;;;;;6;7;7;;6;;;;;;;;;;;;;;;;;;;;;6;;;;;;;;;;6;;;;1
39;DL;;8;;;;;8;6;6;10;6;8;;;7;;;;;;;;;;8;6;6;;8;7;8;8;6;;;10;8;6;;8;6;;;;;;;;;;8;;;9;7;;;;;;;;10;9;;;;1
40;DL;;;;;;;;;;;;;;;;;;;;;;;;;;;;;7;;;;6;;;;;;;;;;;;;;;;;;;;;;;;;;;;;;;;;;;1
41;DL;;6;;;;;;;;;;;;;;;;;;;;;;;;;;;7;;6;;6;;;;;;;;;;;;;;;;;;;;;6;;;;;;;;;;;;;;1
42;DL;;7;;;;;6;7;6;6;8;;;7;9;;;;;;;;;;10;6;6;;8;7;7;6;7;;;9;7;6;;8;7;;;10;7;;;;;;9;;;8;6;;;;;;;8;;8;;;;1
43;DL;;6;;;;;;;;;;;;;;;;;;;;;;;7;;;;7;6;6;6;6;;;;;;;;;;;;;;;;;;;;;6;;;;;;;;;;6;;;;1
44;DL;;8;;;;;9;8;6;7;6;10;;7;9;;;;6;;;;;;8;9;7;;8;8;6;8;9;;;10;7;8;;8;6;;;10;;;;;;;8;;;7;6;;;;;;;;9;7;;;;1
45;DL;;8;;;;;6;6;6;6;6;;;7;7;;;;;;;;;;6;8;7;;8;10;7;6;6;;;9;6;7;;7;8;;;;;;;;;;7;;;8;6;;;;;;;;8;8;;;;1
46;DL;;6;;;;;7;6;8;7;9;;;8;8;;;;;;;;;;6;6;9;;8;6;6;6;7;;;8;6;6;;9;;;;;;;;;;;7;;;7;6;;;;;;;;9;7;;;;1
47;DL;;8;;;;;6;7;7;6;6;;;8;9;;;;;;;;;;8;9;9;;9;10;7;8;8;;;9;9;8;;7;9;;;6;;;;;;;8;;;9;6;;;;;;;;9;8;;;;1
48;DL;;8;;;;;;;;;;;;;;;;;;;;;;;;;;;7;;;;;;;;;;;;;;;;;;;;;;;;;9;;;;;;;;;;;;;;1
49;DL;;7;;;;;6;6;6;7;7;;;7;7;;;;;;;;;;9;6;6;;8;6;6;6;7;;;6;6;6;;8;10;;;10;;;;;;;6;;;6;7;;;;;;;;9;6;;;;1
50;DL;;10;;;;;8;6;8;6;9;8;;10;9;;;;8;;;;;;10;9;7;;8;8;9;8;8;;;9;8;8;;9;7;;;10;;;;;;;10;;;9;7;;;;;;;;10;9;;;;1
51;DL;;6;;;;;;;;;;;;;;;;;;;;;;;;;;;6;;7;;;;;;;;;;;;;;;;;;;;;;;6;;;;;;;;;;;;;;1
52;DL;;9;;;;;8;8;8;8;6;8;;8;10;;;;7;;;;;;10;6;7;;8;7;7;9;8;;;8;7;7;;8;7;;;10;;;;;;;8;;;9;7;;;;;;;;10;8;;;;1
53;DL;;;;;;;;;;;;;;;;;;;;;;;;;;;;;8;;;;8;;;;;;;;;;;;;;;;;;;;;7;;;;;;;;;;;;;;1
54;DL;;9;;;;;8;7;6;7;6;9;;6;8;;;;;;;;;;9;7;7;;8;7;7;6;7;;;7;7;7;;;6;;;10;;;;;;;8;;;8;10;;;;;;;;9;6;;;;1
55;DL;;;;;;;;;;;;;;;;;;;;;;;;;;;;;;;;;;;;;;;;;;;;;;;;;;;;;;;;;;;;;;;;;;;;1
56;DL;;6;;;;;;;;;;;;;;;;;;;;;;;;;;;7;;6;;;;;;;;;;;;;;;;;;;;;;;7;;;;;;;;;;;;;;1
57;DL;;7;;;;;7;6;8;10;9;;;7;6;;;;;;;;;;6;6;;;8;7;8;6;6;;;6;6;7;;7;7;;;9;;;;;;;7;;;8;6;;;;;;;;7;8;;;;1
58;DL;;8;;;;;6;7;8;6;6;9;;7;6;;;;7;;;;;;6;6;6;;7;6;6;6;6;;;7;8;6;;7;7;;;9;9;10;10;8;;10;8;10;;8;6;;;;;;;9;9;7;;;;1
59;DL;;9;;;;;6;6;;;7;;;;;;;;;;;;;;6;6;;;8;9;8;7;8;;;6;7;6;6;;8;;;;;;;;;;9;;;10;7;;;;;;;;7;7;;;;1
60;DL;;9;;;;;6;6;6;8;6;;;8;9;;;;;;;;;;9;7;6;;8;6;9;8;7;;;6;7;7;;8;10;;;10;;;;;;;8;;;9;7;;;;;;;;10;7;;;;1
61;DL;;7;;;;;6;6;6;6;8;;;7;6;;;;;;;;;;8;9;6;;7;6;7;6;6;;;8;6;7;;7;10;;;8;;;;;;;7;;;6;6;;;;;;;;7;7;;;;1
62;DL;;6;;;;;7;;;7;6;;;;;;;;;;;;;;6;;;;7;8;8;8;6;;;;7;6;;;;;;;;;;;;;6;;;7;;;;;;;;;;6;;;;1
63;DL;;;;;;;;;;;;;;;;;;;;;;;;;;;;;7;9;6;;;;;;;;;;;;;;;;;;;;;;;6;;;;;;;;;;;;;;1
64;DL;;8;;;;;7;7;8;8;9;;;6;7;;;;;;;;;;7;9;8;;9;6;7;7;6;;;8;7;7;;8;7;;;7;;;;;;;8;;;8;7;;;;;;;;8;8;;;;1
65;DL;;7;;;;;7;;8;;8;;;7;;;;;;;;;;;8;6;7;;7;7;7;8;6;;;8;6;7;;;8;;;8;;;;;;;8;;;9;7;;;;;;;;9;6;;;;1
66;DL;;6;;;;;;;;;;;;;;;;;;;;;;;;;;;7;6;6;6;8;;;;;;;;;;;;;;;;;;;;;7;;;;;;;;;;;;;;1
67;DL;;9;;;;;9;9;8;10;9;9;;8;8;;;;9;;;;;;9;6;9;;9;10;7;10;10;;;10;10;8;;8;9;;;10;;;;;;;10;;;9;10;;;;;;;;9;8;;;;1
68;DL;;8;;;;;7;;;8;;;;;;;;;;;;;;;6;;;;7;6;6;6;6;;;;;6;;;;;;;;;;;;;7;;;8;;;;;;;;;;6;;;;1
69;DL;;9;;;;;7;8;7;8;8;9;;8;9;;;;7;;;;;9;9;7;6;;8;9;8;8;10;;;10;10;8;;9;10;;;10;10;9;10;9;;9;9;9;;8;8;;;;;;;10;9;8;;;;1
70;DL;;9;;;;;8;6;7;7;7;;;8;8;;;;;;;;;;10;6;7;;8;8;7;6;7;;;8;7;6;;8;6;;;9;9;10;10;8;;9;9;8;;10;7;;;;;;;10;8;8;;;;1
71;DL;;8;;;;;;;;;;;;;;;;;;;;;;;6;;;;8;6;6;7;6;;;;6;7;;;;;;;;;;;;;8;;;8;;;;;;;;;;7;;;;1
72;DL;;;;;;;;;;;;;;;;;;;;;;;;;;;;;;;6;;;;;;;;;;;;;;;;;;;;;;;8;;;;;;;;;;;;;;1
73;DL;;9;;;;;7;6;8;6;7;;;8;7;;;;;;;;;;6;9;7;;7;8;8;8;6;;;8;6;6;;8;7;;;7;10;;;;;;9;;;9;6;;;;;;;;6;7;;;;1
74;DL;;9;;;;;8;7;7;9;7;9;;8;9;;;;8;;;;;;7;9;6;;9;8;9;9;9;;;9;9;8;;9;7;;;10;;;;;;;9;;;9;9;;;;;;;;9;6;;;;1
75;DL;;;;;;;;;;;;;;;;;;;;;;;;;;;;;;;;;;;;;;;;;;;;;;;;;;;;;;;;;;;;;;;;;;;;1
76;DL;;;;;;;;;;;;;;;;;;;;;;;;;;;;;6;;8;;;;;;;;;;;;;;;;;;;;;;;;;;;;;;;;;;;;;1
77;DL;;9;;;;;6;6;7;6;7;;;;;;;;;;;;;;7;6;6;;7;6;8;6;8;;;8;;7;;;9;;;;;;;;;;8;;;8;;;;;;;;;;7;;;;1
78;DL;;6;;;;;;;;;;;;;;;;;;;;;;;;;;;;;;;;;;;;;;;;;;;;;;;;;;;;6;;;;;;;;;;;;;;1
79;DL;;8;;;;;6;8;8;8;6;;;8;6;;;;;;;;;;6;7;7;;8;6;8;6;6;;;7;6;7;;7;8;;;8;;;;;;;8;;;9;7;;;;;;;;9;6;;;;1
80;DL;;;;;;;;;;;;;;;;;;;;;;;;;;;;;7;;;;;;;;;;;;;;;;;;;;;;;;;7;;;;;;;;;;;;;;1
81;DL;;;;;;;;;;;;;;;;;;;;;;;;;7;;;;8;6;7;;;;;;;;;;;;;;;;;;;;;;;7;;;;;;;;;;6;;;;1
82;DL;;6;;;;;6;7;;6;8;;;;;;;;;;;;;;7;8;;;7;6;7;6;7;;;6;6;6;;;;;;;;;;;;;7;;;6;;;;;;;;;;7;;;;1
83;DL;;9;;;;;;;;;;;;;;;;;;;;;;;;;;;8;;7;;;;;;;;;;;;;;;;;;;;;;;9;;;;;;;;;;;;;;1
84;DL;;7;;;;;;;;;;;;;;;;;;;;;;;9;;;;8;;6;;;;;;;;;;;;;;;;;;;;;;;8;;;;;;;;;;6;;;;1
85;DL;;6;;;;;6;6;6;6;10;;;7;7;;;;;;;;;;10;8;9;;7;8;8;8;8;;;8;10;6;;7;6;;;10;;;;;;;7;;;7;7;;;;;;;;8;7;;;;1
86;DL;;7;;;;;6;6;7;8;6;;;8;6;;;;;;;;;;9;6;7;;8;6;6;6;6;;;6;;6;;7;9;;;10;;;;;;;7;;;7;6;;;;;;;;6;7;;;;1
87;DL;;7;;;;;;;;;;;;;;;;;;;;;;;6;;;;7;6;7;7;7;;;;6;6;;;;;;;;;;;;;7;;;8;;;;;;;;;;6;;;;1
88;DL;;7;;;;;8;7;6;8;7;;;8;8;;;;;;;;;;10;8;6;;7;7;8;6;6;;;7;7;6;;8;8;;;9;;;;;;;9;;;8;7;;;;;;;;9;6;;;;1
89;DL;;;;;;;;;;;;;;;;;;;;;;;;;;;;;;;;;;;;;;;;;;;;;;;;;;;;;;;;;;;;;;;;;;;;1
90;DL;;9;;;;;9;7;6;6;8;8;;8;8;;;;8;;;;;;8;7;8;;9;10;8;10;8;;;9;8;6;;8;7;;;10;;;;;;;9;;;9;7;;;;;;;;8;8;;;;1
91;DL;;7;;;;;;;;;;;;;;;;;;;;;;;;;;;6;;7;;;;;;;;;;;;;;;;;;;;;;;8;;;;;;;;;;6;;;;1
92;DL;;6;;;;;;;;;;;;;;;;;;;;;;;;;;;7;7;6;7;6;;;;;;;;;;;;;;;;;;;;;8;;;;;;;;;;;;;;1
93;DL;;9;;;;;6;9;8;6;6;10;;9;10;;;;;;;;;;6;7;6;;9;6;8;6;8;;;6;7;6;;9;8;;;9;;;;;;;9;;;9;10;;;;;;;;10;6;;;;1
94;DL;;8;;;;;;;;;6;;;;;;;;;;;;;;6;;;;6;;7;;7;;;;;;;;;;;;;;;;;;7;;;9;;;;;;;;;;8;;;;1
95;DL;;8;;;;;;;;;;;;;;;;;;;;;;;;;;;7;;6;;;;;;;;;;;;;;;;;;;;;;;9;;;;;;;;;;6;;;;1
96;DL;;;;;;;;;;;;;;;;;;;;;;;;;;;;;6;;;;;;;;;;;;;;;;;;;;;;;;;;;;;;;;;;;;;;;1
97;DL;;7;;;;;;;;;;;;;;;;;;;;;;;;;;;8;7;7;;6;;;;;;;;;;;;;;;;;;;;;8;;;;;;;;;;7;;;;1
98;DL;;6;;;;;;;;;;;;;;;;;;;;;;;;;;;7;7;;;7;;;;;6;;;;;;;;;;;;;;;;6;;;;;;;;;;7;;;;1
99;DL;;8;;;;;;;;;;;;;;;;;;;;;;;;;;;6;;7;;6;;;;;;;;;;;;;;;;;;;;;8;;;;;;;;;;6;;;;1
100;DL;;6;;;;;7;7;7;8;10;8;;6;7;;;;7;;;;;;9;6;7;;8;6;7;6;7;;;8;7;6;;6;7;;;7;;;;;;;6;;;7;7;;;;;;;;8;6;;;;1
101;DL;;7;;;;;;;;;10;;;;;;;;;;;;;;10;;;;9;;7;;6;;;;;;;;;;;;;;;;;;;;;8;;;;;;;;;;8;;;;1
102;DL;;6;;;;;;;;;;;;;;;;;;;;;;;6;;;;7;;6;6;6;;;;;;;;;;;;;;;;;;;;;8;;;;;;;;;;6;;;;1
103;DL;;7;;;;;6;6;6;6;6;7;;7;6;;;;;;;;;;7;6;6;;7;7;6;7;7;;;6;8;7;;9;6;;;6;;;10;;;;7;;;7;7;;;;;;;;10;8;;;;1
104;DL;;8;;;;;;;;;10;;;;;;;;;;;;;;6;9;;;8;7;6;;7;;;;;7;;;;;;;;;;;;;8;;;8;;;;;;;;;;7;;;;1
105;DL;;9;;;;;6;10;;7;8;;;;;;;;;;;;;;6;8;;;9;6;6;6;6;;;6;6;7;;6;7;;;;;;;;;;8;;;9;7;;;;;;;;;7;;;;1
106;DL;;8;;;;;7;;6;7;6;;;;;;;;;;;;;;10;;;;8;6;7;7;6;;;;6;7;;;;;;;;;;;;;10;;;9;;;;;;;;;;8;;;;1
107;DL;;8;;;;;6;6;6;6;7;;;8;9;;;;;;;;;;6;6;9;;7;6;7;7;6;;;6;6;6;;7;9;;;10;;;;;;;8;;;8;6;;;;;;;;7;6;;;;1
108;DL;;;;;;;;;;;;;;;;;;;;;;;;;;;;;7;;;;;;;;;;;;;;;;;;;;;;;;;8;;;;;;;;;;;;;;1
109;DL;;8;;;;;;;;;;;;;;;;;;;;;;;6;;;;7;7;7;;6;;;;;;;;;;;;;;;;;;6;;;8;;;;;;;;;;8;;;;1
110;DL;;;;;;;;;;;;;;;;;;;;;;;;;;;;;8;;7;;;;;;;;;;;;;;;;;;;;;;;7;;;;;;;;;;7;;;;1
111;DL;;6;;;;;;;;;;;;;;;;;;;;;;;;;;;;;;;;;;;;;;;;;;;;;;;;;;;;7;;;;;;;;;;;;;;1
112;DL;;;;;;;;;;;;;;;;;;;;;;;;;;;;;;;;;;;;;;;;;;;;;;;;;;;;;;6;;;;;;;;;;;;;;1
113;DL;;7;;;;;;;;;7;;;;;;;;;;;;;;7;;;;8;6;7;6;6;;;;6;;;;;;;;;;;;;;7;;;8;;;;;;;;;;6;;;;1
114;DL;;7;;;;;6;6;6;7;6;;;6;6;;;;;;;;;;6;8;;;7;6;7;7;6;;;8;6;8;;8;7;;;10;;;;;;;6;;;9;6;;;;;;;;7;8;;;;1
115;DL;;6;;;;;7;6;8;6;7;9;;8;8;;;;;;;;;;6;6;6;;7;6;8;6;6;;;7;7;7;;8;9;;;9;;;;;;;6;;;6;7;;;;;;;;7;6;;;;1
116;DL;;;;;;;;;;;;;;;;;;;;;;;;;;;;;6;;;;;;;;;;;;;;;;;;;;;;;;;8;;;;;;;;;;;;;;1
117;DL;;;;;;;;;;;;;;;;;;;;;;;;;;;;;7;;;;;;;;;;;;;;;;;;;;;;;;;8;;;;;;;;;;;;;;1
118;DL;;7;;;;;;;;8;;;;6;;;;;;;;;;;7;;;;7;7;7;6;6;;;;7;7;;;;;;;;;;;;;8;;;7;;;;;;;;;;6;;;;1
119;DL;;7;;;;;;;;;6;;;;;;;;;;;;;;10;8;;;7;;7;6;8;;;;;;;;;;;;;;;;;;8;;;7;;;;;;;;;;6;;;;1
120;DL;;7;;;;;;7;;6;;;;;;;;;;;;;;;6;6;;;7;6;6;6;6;;;6;6;6;;;;;;;;;;;;;6;;;8;6;;;;;;;;;6;;;;1
121;DL;;6;;;;;;;;;;;;;;;;;;;;;;;;;;;6;;6;;6;;;;;;;;;;;;;;;;;;;;;6;;;;;;;;;;6;;;;1
122;DL;;8;;;;;;;;;;;;;;;;;;;;;;;;;;;8;;6;;;;;;;;;;;;;;;;;;;;;;;8;;;;;;;;;;;;;;1
123;DL;;8;;;;;7;6;6;;9;;;;;;;;;;;;;;6;8;7;;7;6;8;7;6;;;6;;6;;;8;;;;;;;;;;8;;;8;7;;;;;;;;9;9;;;;1
124;DL;;7;;;;;;;;;;;;;;;;;;;;;;;;;;;6;;7;;6;;;;;;;;;;;;;;;;;;;;;8;;;;;;;;;;6;;;;1
125;DL;;7;;;;;;;;;;;;;;;;;;;;;;;7;;;;7;7;6;6;7;;;;;;;;;;;;;;;;;;6;;;8;;;;;;;;;;6;;;;1
126;DL;;7;;;;;7;6;6;7;6;;;;;;;;;;;;;;6;6;;;8;6;8;10;8;;;;8;6;;;;;;;;;;;;;7;;;9;6;;;;;;;;;8;;;;1
127;DL;;7;;;;;;;;;;;;;;;;;;;;;;;;;;;6;;;;;;;;;;;;;;;;;;;;;;;;;8;;;;;;;;;;6;;;;1
128;DL;;8;;;;;7;7;7;6;7;;;7;6;;;;;;;;;;6;6;6;;8;6;6;9;7;;;6;8;7;;8;9;;;8;;;;;;;8;;;8;7;;;;;;;;8;8;;;;1
129;DL;;;;;;;9;7;6;;7;10;;8;8;;;;;;;;;;7;6;6;;9;;9;10;;;;10;;8;;9;7;;;10;;;;;;;10;;;;7;;;;;;;;10;7;;;;1
130;DL;;;;;;;;;;;;;;;;;;;;;;;;;;;;;8;;;;;;;;;;;;;;;;;;;;;;;;;9;;;;;;;;;;;;;;1
131;DL;;;;;;;;;;;;;;;;;;;;;;;;;;;;;;;;;;;;;;;;;;;;;;;;;;;;;;6;;;;;;;;;;;;;;1
132;DL;;8;;;;;;;;;;;;;;;;;;;;;;;;;;;7;;;;;;;;;;;;;;;;;;;;;;;;;9;;;;;;;;;;;;;;1
133;DL;;7;;;;;;;;;;;;;;;;;;;;;;;10;6;;;6;9;7;;6;;;;;;;;;;;;;;;;;;;;;7;;;;;;;;;;6;;;;1
134;DL;;8;;;;;;;;;;;;;;;;;;;;;;;8;;;;8;6;6;;6;;;;;;;;;;;;;;;;;;;;;9;;;;;;;;;;7;;;;1
135;DL;;6;;;;;7;6;7;7;;;;;8;;;;;;;;;;6;7;6;;7;7;7;6;7;;;6;6;6;;8;8;;;8;;;;;;;7;;;7;7;;;;;;;;8;8;;;;1
136;DL;;;;;;;;;;;;;;;;;;;;;;;;;;;;;6;;;;;;;;;;;;;;;;;;;;;;;;;8;;;;;;;;;;;;;;1
137;DL;;7;;;;;7;8;8;9;8;8;;8;7;;;;7;;;;;;;8;9;;8;10;;;8;;;10;;7;;7;9;;;8;;;;;;;8;;;7;7;;;;;;;;9;6;;;;1
138;DL;;;;;;;;;;;;;;;;;;;;;;;;;;;;;7;;6;;;;;;;;;;;;;;;;;;;;;;;;;;;;;;;;;;;;;1
139;DL;;;;;;;;;;;;;;;;;;;;;;;;;;;;;;;;;;;;;;;;;;;;;;;;;;;;;;;;;;;;;;;;;;;;1
140;DL;;7;;;;;;;;;;;;;;;;;;;;;;;;;;;7;;6;;7;;;;;;;;;;;;;;;;;;;;;9;;;;;;;;;;;;;;1
141;DL;;7;;;;;;;;;9;;;;;;;;;;;;;;8;;;;7;6;6;;6;;;;7;;;;;;;;;;;;;;8;;;8;;;;;;;;;;6;;;;1
142;DL;;6;;;;;;;;;;;;;;;;;;;;;;;6;;;;8;7;7;6;8;;;;;6;;;;;;;;;;;;;7;;;7;;;;;;;;;;6;;;;1
143;DL;;7;;;;;6;6;6;7;10;8;;6;6;;;;7;;;;;;8;6;10;;6;6;6;7;6;;;8;7;6;;8;8;;;9;;;;;;;8;;;8;7;;;;;;;;9;6;;;;1
144;DL;;;;;;;;;;;;;;;;;;;;;;;;;;;;;7;;;;;;;;;;;;;;;;;;;;;;;;;;;;;;;;;;;;;;;1
145;DL;;7;;;;;;;;;;;;;;;;;;;;;;;6;;;;7;6;6;6;7;;;;;;;;;;;;;;;;;;7;;;7;;;;;;;;;;6;;;;1
146;DL;;;;;;;;;;;8;;;;;;;;;;;;;;8;;;;6;;6;;7;;;;;;;;;;;;;;;;;;;;;6;;;;;;;;;;6;;;;1
147;DL;;6;;;;;7;8;6;8;6;;;6;7;;;;;;;;;;7;6;9;;7;6;7;8;6;;;6;7;7;;7;8;;;9;;;;;;;8;;;6;7;;;;;;;;7;7;;;;1
148;DL;;;;;;;;;;;;;;;;;;;;;;;;;;;;;;;6;;;;;;;;;;;;;;;;;;;;;;;9;;;;;;;;;;;;;;1
149;DL;;7;;;;;9;8;7;8;7;8;;7;9;;;;7;;;;;;8;6;6;;8;6;7;7;6;;;10;7;7;;8;7;;;10;;;;;;;9;;;7;7;;;;;;;;9;7;;;;1
150;DL;;8;;;;;;;;;;;;;;;;;;;;;;;6;;;;7;;6;;7;;;;;;;;;;;;;;;;;;;;;8;;;;;;;;;;;;;;1
151;DL;;;;;;;;;;;;;;;;;;;;;;;;;;;;;8;;;;;;;;;;;;;;;;;;;;;;;;;;;;;;;;;;;;;;;1
152;DL;8;6;8;8;8;6;7;7;7;;6;;;;;;;;;7;;;;;9;8;6;6;;;;;;;;;;;;;;;;;;;;;;;;;;;;;;;;;6;;;6;8;7;;1
153;DL;;;;;;;;;;;;;;;;;;;;;;;;;;;;;;;;;;;;;;;;;;;;;;;;;;;;;;;;;;;;;;;;;;;;1
154;DL;6;9;6;7;6;8;8;6;8;;;;;;;;;;;;;;;;8;10;7;6;;;;;;;;;;;;;;;;;;;;;;;;;;;;;;;;;6;;;7;10;9;;1
155;DL;8;8;6;8;8;7;7;7;6;7;6;9;8;8;6;;;7;;6;6;8;;;6;6;7;7;;;;;;;;;;;;;;;;;;;;;;;8;;;;;;;;;;6;;;7;6;8;;1
156;DL;;8;;;;;6;6;6;7;6;8;;8;6;;;;;;;;;;6;6;8;;8;8;6;6;6;;;6;;7;;9;9;;;7;;;;;;;9;;;9;7;;;;;;;;7;6;;;;1
157;DL;;;;;;;;;;;;;;;;;;;;;;;;;6;;;;6;6;;;6;;;;;;;;;;;;;;;;;;;;;6;;;;;;;;;;7;;;;1
158;DL;8;9;;8;7;7;7;8;8;9;6;;8;;7;;;;;7;7;;;;10;10;8;6;;;;;;;;;;;;;;;;;;;;;;;9;;;;;;;;;;6;;;8;9;10;8;1
159;DL;;7;;;;;;;;;;;;;;;;;;;;;;;;;;;7;;7;;7;;;;;;;;;;;;;;;;;;;;;9;;;;;;;;;;7;;;;1
160;DL;;9;;;;;;;;;7;;;;;;;;;;;;;;6;;;;6;;6;7;6;;;;;;;;;;;;;;;;;;;;;9;;;;;;;;;;6;;;;1
161;DL;6;9;7;6;8;6;7;8;8;6;6;8;8;9;6;;;8;6;7;8;;;9;7;6;7;6;;;;;;;;;;;;;;;;;;;;;;;10;;;;;;;;;;6;;;7;6;10;9;1
162;DL;6;9;8;8;6;6;7;8;8;;;;;;;;;;;;;;;;7;8;;6;;;;;;;;;;;;;;;;;;;;;;;;;;;;;;;;;7;;;6;6;10;;1
163;DL;7;7;8;8;6;6;8;7;8;6;;;9;8;6;;;;;8;;;;;6;6;6;8;;;;;;;;;;;;;;;;;;;;;;;7;;;;;;;;;;6;;;7;6;7;6;1
164;DL;6;7;8;6;6;6;9;8;7;6;7;;8;7;6;;;7;;7;7;;;;6;6;6;6;;;;;;;;;;;;;;;;;;;;;;;7;;;;;;;;;;9;;;8;7;6;6;1
165;DL;9;7;8;9;8;9;10;8;9;6;7;8;8;8;7;;;;;7;6;;;;10;6;6;7;;;;;;;;;;;;;;;;;;;;;;;8;;;;;;;;;;8;;;7;10;8;8;1
166;DL;6;6;8;;;7;7;;6;7;6;;;;7;;;;;7;6;;;;;6;8;7;;;;;;;;;;;;;;;;;;;;;;;7;;;;;;;;;;6;;;6;6;;6;1
167;DL;;7;;;;;;;;;8;;;;;;;;;;;;;;7;;;;8;;7;;7;;;;;;;;;;;;;;;;;;;;;7;;;;;;;;;;7;;;;1
168;DL;6;7;7;6;7;6;8;7;7;;;;8;7;;;;8;;;;;;;8;6;8;6;;;;;;;;;;;;;;;;;;;;;;;6;;;;;;;;;;6;;;7;7;8;;1
169;DL;7;;6;7;7;;;;;;;;;;;;;;;;;;;;6;;;;;;;;;;;;;;;;;;;;;;;;;;;;;;;;;;;;;;;;;6;;1
170;DL;;;;;;;;;;;;;;;;;;;;;;;;;;;;;8;;;;;;;;;;;;;;;;;;;;;;;;;;;;;;;;;;;;;;;1
171;DL;;7;;;;;;;;;;;;;;;;;;;;;;;7;;;;6;;6;;6;;;;;6;;;;;;;;;;;;;;;;8;;;;;;;;;;6;;;;1
172;DL;9;10;9;;;9;10;9;9;8;7;;10;;8;;;;;9;7;;;;;7;6;9;;;;;;;;;;;;;;;;;;;;;;;10;;;;;;;;;;8;;;7;;;;1
173;DL;7;;;;;;;;;;;;;;;;;;;;;;;;6;;;;;;;;;;;;;;;;;;;;;;;;;;;;;;;;;;;;;;;7;;;;1
174;DL;;6;;;;;;;;;;;;;;;;;;;;;;;;;;;;;6;;;7;;;;;;;;;;;;;;;;;;;;6;;;;;;;;;;;;;;1
175;DL;6;7;7;6;9;6;8;6;7;6;10;;;9;7;;;;;7;;;;;8;7;6;6;;;;;;;;;;;;;;;;;;;;;;;7;;;;;;;;;;9;;;7;6;8;6;1
176;DL;8;9;8;7;7;10;7;7;8;9;6;8;6;9;8;;9;;8;7;7;8;;10;7;7;6;6;;;;;;;;;;;;;;;;;;;;;;;8;;;;;;;;;;6;;;7;8;9;;1
177;DL;8;8;8;8;7;6;8;7;7;;6;8;;;;;;;;8;;9;;;10;7;6;6;;;;;;;;;;;;;;;;;;;;;;;7;;;;;;;;;;7;;;8;7;9;;1
178;DL;10;10;10;10;10;7;10;9;10;8;7;;10;;7;;;;10;10;;;;;10;10;10;10;;;;;;;;;;;;;;;;;;;;;;;10;;;;;;;;;;10;;;10;10;10;9;1
179;DL;;;;;;;;;;;;;;8;;;;8;;7;7;;;;;;;;;;;;;;;;;;;;;;;;;;;;;;7;;;;;;;;;;;;;;;;;1
180;DL;10;10;10;10;9;8;9;8;8;8;8;8;8;9;;;9;;9;6;10;8;;10;8;8;7;10;;;;;;;;;;;;;;;;;;;;;;;10;;;;;;;;;;10;;;7;8;10;;1
181;DL;6;7;6;6;6;7;7;6;7;6;;;;;6;;;;;7;;;;;7;6;6;6;;;;;;;;;;;;;;;;;;;;;;;;;;;;;;;;;6;;;7;6;6;10;1
182;DL;6;8;8;6;9;6;8;8;8;6;8;7;7;7;9;;;9;7;7;7;;;10;7;8;7;9;;;;;;;;;;;;;;;;;;;;;;;9;;;;;;;;;;8;;;8;6;8;10;1
183;DL;6;8;6;6;10;6;8;6;7;8;8;9;8;8;7;;10;;7;9;7;;;;7;7;6;7;;;;;;;;;;;;;;;;;;;;;;;7;;;;;;;;;;7;;;9;8;8;10;1
184;DL;6;7;8;6;7;7;9;;;;;;;;;;;;;;;;;;;;;6;;;;;;;;;;;;;;;;;;;;;;;;;;;;;;;;;;;;7;6;8;;1
185;DL;;9;;;;;9;8;10;9;6;9;;9;10;;;;8;;;;;;8;8;9;;8;8;8;10;9;;;10;10;8;;9;7;;;10;;;;;;7;10;10;;9;8;10;9;9;8;9;;;9;8;;;;1
186;DL;;9;;;;;8;6;7;7;8;6;;8;8;;;;;;;;;;10;6;7;;8;8;8;6;9;;;7;6;7;7;7;8;;;10;;;;;;;9;;;9;;;;;;;;;9;6;;;;1
187;DL;;8;;;;;6;10;;;7;;;;;;;;;;;;;;9;6;;;7;8;7;7;7;;;;;;;;6;;;;;;;;;;7;;;8;;;;;;;;;;7;;;;1
188;DL;;9;;;;;6;6;7;8;6;9;;9;9;;;;;;;;;;8;8;8;;9;8;8;7;8;;;6;8;6;;8;9;;;8;;;;;;;8;;;9;7;;;;;;;;9;8;;;;1
189;DL;;9;;;;;8;7;8;9;6;9;;8;9;;;;7;;;;;;10;8;6;;8;8;8;8;8;;;9;8;7;;9;8;;;9;;;;;;;9;;;9;7;;;;;;;;9;7;;;;1
190;DL;;7;;;;;7;8;6;10;8;;;7;7;;;;;;;;;;9;6;7;;7;6;8;8;7;;;7;7;6;;;7;;;10;;;;;;;9;;;7;7;;;;;;;;8;6;;;;1
191;DL;;7;;;;;6;7;;6;6;;;;;;;;;;;;;;7;7;;;8;7;7;7;9;;;6;7;6;;;8;;;;;;;;;;7;;;8;6;;;;;;;;;7;;;;1
192;DL;;6;;;;;7;6;7;7;8;;;8;7;;;;;;;;;;9;6;6;;8;6;7;6;6;;;8;6;6;;7;8;;;10;;;;;;;6;;;6;7;;;;;;;;9;6;;;;1
193;DL;;7;;;;;6;6;6;6;7;;;;7;;;;;;;;;;9;6;8;;9;6;6;7;6;;;6;6;6;;10;7;;;10;8;;;10;;;7;;;8;6;;;;;;;;7;6;;;;1
194;DL;;9;;;;;7;6;7;6;7;;;7;7;;;;;;;;;;8;6;6;;9;8;7;9;7;;;8;8;6;;9;10;;;10;;;;;;;9;;;9;7;;;;;;;;9;7;;;;1
195;DL;;7;;;;;7;6;7;6;9;8;;10;7;;;;7;;;;;;6;6;6;;7;7;6;8;7;;;7;6;6;;8;8;;;10;9;10;10;9;;8;8;7;;9;7;;;;;;;9;9;7;;;;1
196;DL;;8;;;;;7;8;7;6;9;9;;9;8;;;;;;;;;;9;8;7;;8;8;7;8;7;;;8;9;7;;9;9;;;10;;;;;;;9;;;9;7;;;;;;;;8;8;;;;1
197;DL;;9;;;;;7;7;7;9;8;10;;9;8;;;;8;;;;;;10;9;7;;8;7;7;7;8;;;10;8;6;;8;7;;;10;;;;;;;10;;;9;10;;;;;;;;8;7;;;;1
198;DL;;8;;;;;9;6;9;6;7;8;;8;8;;;;;;;;;;10;8;7;;8;6;6;6;8;;;9;7;8;;9;9;;;10;9;9;9;9;;7;8;8;;7;10;;;;;;;9;9;9;;;;1
199;DL;;8;;;;;8;6;7;8;6;8;;8;6;;;;8;;;;;;10;6;7;;8;8;7;8;7;;;7;8;6;;9;8;;;10;10;10;8;9;;8;9;9;;9;6;;;;;;;9;8;7;;;;1
200;DL;;9;;;;;9;7;6;6;6;9;;7;8;;;;6;;;;;;9;7;6;;6;7;7;8;8;;;8;8;7;;8;9;;;10;9;9;10;7;;8;10;8;;8;7;;;;;;;10;9;7;;;;1
201;DL;;7;;;;;7;7;6;9;6;;;8;8;;;;;;;;;;10;6;7;;8;9;7;6;8;;;6;6;6;;7;7;;;10;;;;;;;6;;;7;6;;;;;;;;8;7;;;;1
202;DL;;8;;;;;9;6;10;7;8;10;;8;7;;;;;;;;;;10;6;10;;8;10;9;10;8;;;8;8;6;;10;7;;;10;;;;;;;9;;;9;6;;;;;;;;9;6;;;;1
203;DL;;7;;;;;7;;6;;6;;;;7;;;;;;;;;;10;6;;;9;6;8;7;9;;;7;6;6;;;7;;;;;;;;;;8;;;8;6;;;;;;;;9;7;;;;1
204;DL;;7;;;;;;;;;;;;;;;;;;;;;;;;;;;9;;6;;6;;;;;;;;;;;;;;;;;;;;;8;;;;;;;;;;6;;;;1
205;DL;;6;;;;;7;8;7;7;9;9;;8;8;;;;;;;;;;9;7;6;;7;6;7;7;7;;;10;7;7;;8;7;;;10;;;;;;;6;;;7;7;;;;;;;;9;6;;;;1
206;DL;;8;;;;;8;6;6;8;10;9;;8;7;;;;7;;;;;;10;7;8;;9;10;7;7;9;;;9;8;6;;8;6;;;9;;;;;;;9;;;8;8;;;;;;;;9;7;;;;1
207;DL;;7;;;;;8;7;6;7;6;8;;8;8;;;;;;;;;;6;7;9;;8;9;8;10;10;;;7;10;7;;9;9;;;10;;;;;;;7;;;8;7;;;;;;;;10;7;;;;1
208;DL;;8;;;;;6;9;6;6;6;;;6;6;;;;;;;;;;6;7;6;;7;7;6;6;8;;;6;7;6;;6;8;;;;;;;;;;8;;;9;6;;;;;;;;7;7;;;;1
209;DL;;7;;;;;7;6;9;9;6;9;;10;9;;;;8;;;;;;10;10;6;;9;7;8;8;9;;;8;8;7;;8;8;;;10;;;;;;;8;;;8;10;;;;;;;;10;6;;;;1
210;DL;;9;;;;;10;8;10;10;10;10;;8;10;;;;10;;;;;;9;8;8;;9;9;7;8;8;;;10;10;8;;9;10;;;10;;;;;;;10;;;10;10;;;;;;;;9;8;;;;1
211;DL;;10;;;;;8;6;6;8;10;8;;10;8;;;;;;;;;;8;9;6;;8;8;8;8;9;;;6;7;6;;7;9;;;10;;;;;;;10;;;10;7;;;;;;;;10;8;;;;1
212;DL;;9;;;;;6;7;7;6;7;7;;7;9;;;;;;;;;;6;8;6;;7;7;6;7;10;;;8;8;6;;8;10;;;10;;;;;;;10;;;10;6;;;;;;;;10;8;;;;1
213;DL;;7;;;;;8;8;10;6;10;10;;8;9;;;;7;;;;;;10;7;8;;8;6;8;6;9;;;8;7;6;;9;8;;;10;;;;;;;9;;;7;6;;;;;;;;9;6;;;;1
214;DL;;8;;;;;7;;6;6;6;;;;8;;;;;;;;;;6;7;6;;7;7;6;9;7;;;9;8;8;;;;;;;;;;;;;7;;;8;7;;;;;;;;10;7;;;;1
215;DL;;8;;;;;;;;;;;;;;;;;;;;;;;7;6;;;7;6;7;;6;;;;;;;;;;;;;;;;;;8;;;8;;;;;;;;;;6;;;;1
216;DL;;9;;;;;;;;;;;;;;;;;;;;;;;7;;;;7;6;6;6;6;;;;;7;;;;;;;;;;;;;8;;;9;;;;;;;;;;8;;;;1
217;DL;;8;;;;;6;8;;6;;;;8;;;;;;;;;;;7;6;;;7;8;6;6;8;;;7;6;7;;6;7;;;;;;;;;;7;;;9;6;;;;;;;;;6;;;;1
218;DL;;8;;;;;7;9;6;7;9;9;;9;8;;;;8;;;;;9;7;7;6;;8;8;7;9;9;;;8;8;7;;8;10;;;10;9;9;9;10;;7;8;9;;9;6;;;;;;;9;10;6;;;;1
219;DL;;9;;;;;6;8;;7;;;;;;;;;;;;;;;8;7;;;8;7;7;7;9;;;6;6;7;;;;;;;;;;;;;9;;;10;6;;;;;;;;;8;;;;1
220;DL;;7;;;;;6;8;6;7;6;8;;7;7;;;;7;;;;;;10;6;6;;8;6;6;8;6;;;8;6;6;;7;9;;;10;;;;;;;8;;;7;7;;;;;;;;9;7;;;;1
221;DL;;;;;;;;;;;;;;;;;;;;;;;;;;;;;;;;;;;;;;;;;;;;;;;;;;;;;;;;;;;;;;;;;;;;1
222;DL;;6;;;;;6;6;8;6;6;8;;7;7;;;;;;;;;;6;6;6;;7;8;8;6;6;;;6;7;7;;7;8;;;8;7;10;10;;;10;7;10;;7;7;;;;;;;9;9;6;;;;1
223;DL;;7;;;;;6;7;7;7;6;8;;8;8;;;;8;;;;;;9;6;9;;8;6;6;6;6;;;9;6;6;;7;6;;;9;;;;;;;7;;;8;7;;;;;;;;8;8;;;;1
224;DL;;7;;;;;8;6;8;10;8;10;;8;9;;;;8;;;;;;7;7;8;;7;6;6;6;6;;;9;7;9;;9;9;;;9;10;10;9;8;;10;8;10;;7;7;;;;;;;10;10;6;;;;1
225;DL;;9;;;;;8;6;6;9;6;9;;7;8;;;;;;;;;;6;7;8;;7;9;7;6;7;;;8;7;6;;8;10;;;10;;;;;;;8;;;9;6;;;;;;;;10;9;;;;1
226;DL;;8;;;;;7;6;6;6;6;;;8;8;;;;;;;;;;8;6;6;;9;6;8;6;6;;;6;6;6;;7;9;;;9;;;;;;;9;;;10;7;;;;;;;;;8;;;;1
227;DL;;;;;;;;;;;;;;;;;;;;;;;;;;;;;7;;6;;6;;;;;;;;;;;;;;;;;;;;;6;;;;;;;;;;;;;;1
228;DL;;10;;;;;7;8;6;7;10;;;7;8;;;;;;;;;;10;8;7;;9;9;8;9;7;;;9;6;8;;9;8;;;10;;;;;;;10;;;10;10;;;;;;;;8;8;;;;1
229;DL;;8;;;;;6;6;;6;8;;;7;6;;;;;;;;;;6;7;6;;8;6;7;7;6;;;6;7;7;;7;8;;;8;;;;;;;8;;;8;6;;;;;;;;7;6;;;;1
230;DL;;7;;;;;6;6;6;8;8;8;;6;8;;;;;;;;;;6;6;6;;7;6;7;6;6;;;7;6;6;;;9;;;8;;;;;;;6;;;6;7;;;;;;;;8;6;;;;1
231;DL;;7;;;;;7;6;8;6;7;8;;8;8;;;;;;;;;;6;8;6;;9;7;7;9;6;;;9;7;6;;8;8;;;8;;;;;;;8;;;7;6;;;;;;;;9;8;;;;1
232;DL;;7;;;;;;;;;;;;;;;;;;;;;;;7;;;;7;6;7;6;6;;;;;7;;;;;;;;;;;;;7;;;7;;;;;;;;;;6;;;;1
233;DL;;;;;;;;;;;;;;;;;;;;;;;;;;;;;;;;;;;;;;;;;;;;;;;;;;;;;;;;;;;;;;;;;;;;1
234;DL;;8;;;;;8;6;6;8;6;;;7;7;;;;;;;;;;8;7;8;;8;6;6;7;6;;;8;8;6;;;6;;;9;;;;;;;7;;;6;7;;;;;;;;9;7;;;;1
235;DL;;7;;;;;;;;;;;;;;;;;;;;;;;6;;;;7;6;7;6;9;;;;;;;;;;;;;;;;;;;;;6;;;;;;;;;;6;;;;1
236;DL;;8;;;;;7;8;6;6;10;;;;;;;;;;;;;;8;6;8;;9;6;6;6;7;;;7;;6;;;8;;;;;;;;;;8;;;8;6;;;;;;;;;7;;;;1
237;DL;;6;;;;;;;;;;;;;;;;;;;;;;;;;;;6;;6;;6;;;;;;;;;;;;;;;;;;;;;6;;;;;;;;;;7;;;;1
238;DL;;8;;;;;7;6;7;7;6;;;6;7;;;;;;;;;;10;9;;;8;6;8;6;6;;;6;6;6;;;6;;;7;;;;;;;7;;;7;7;;;;;;;;10;7;;;;1
239;DL;;8;;;;;7;6;6;6;7;;;8;6;;;;;;;;;;6;7;6;;8;6;6;8;7;;;7;7;6;;7;9;;;8;;;;;;;8;;;8;6;;;;;;;;7;8;;;;1
240;DL;;7;;;;;7;6;;7;;;;6;;;;;;;;;;;6;7;;;6;6;6;7;7;;;7;6;6;;6;;;6;;;;;;;;7;;;8;7;;;;;;;;;7;;;;1
241;DL;;9;;;;;;;;;;;;;;;;;;;;;;;;;;;7;;6;;6;;;;;;;;;;;;;;;;;;;;;8;;;;;;;;;;;;;;1
242;DL;;9;;;;;9;6;7;10;9;7;;9;8;;;;8;;;;;;9;6;7;;7;7;7;7;8;;;7;7;7;;8;10;;;8;;;;;;;10;;;8;10;;;;;;;;10;8;;;;1
243;DL;;7;;;;;6;;6;7;6;;;7;;;;;;;;;;;6;6;6;;8;6;8;6;8;;;;7;7;;;6;;;10;;;;;;;8;;;8;7;;;;;;;;7;7;;;;1
244;DL;;10;;;;;8;6;8;7;9;8;;8;10;;;;10;;;;;;10;8;10;;9;10;8;9;9;;;9;7;8;;8;10;;;10;;;;;;;10;;;10;10;;;;;;;;9;10;;;;1
245;DL;;;;;;;;;;;;;;;;;;;;;;;;;;;;;;;;;;;;;;;;;;;;;;;;;;;;;;;;;;;;;;;;;;;;1
246;DL;;8;;;;;7;9;8;8;7;9;;8;7;;;;6;;;;;;7;6;8;;7;8;7;10;6;;;6;8;8;;10;6;;;8;;;;;;;9;;;8;10;;;;;;;;9;6;;;;1
247;DL;;8;;;;;6;6;8;8;8;;;7;7;;;;;;;;;;7;6;9;;7;6;8;6;7;;;8;8;6;;7;6;;;8;;;;;;;9;;;8;6;;;;;;;;8;6;;;;1
248;DL;;7;;;;;7;7;8;9;6;9;;6;9;;;;;;;;;;9;8;6;;8;6;8;6;6;;;8;6;6;;9;6;;6;;10;10;8;8;;10;8;10;;8;7;;;;;;;9;10;8;;;;1
249;DL;;8;;;;;8;6;9;7;10;9;;8;8;;;;;;;;;;10;6;7;;9;8;8;8;8;;;10;10;7;;8;7;;;7;;;;;;;8;;;7;7;;;;;;;;9;7;;;;1
250;DL;;6;;;;;;;;;;;;;;;;;;;;;;;;;;;7;;;;6;;;;;;;;;;;;;;;;;;;;;6;;;;;;;;;;;;;;1
251;DL;;6;;;;;;;;;;;;;;;;;;;;;;;;;;;7;;;;;;;;;;;;;;;;;;;;;;;;;7;;;;;;;;;;;;;;1
252;DL;;;;;;;;;;;;;;;;;;;;;;;;;;;;;6;7;7;;6;;;;;;;;;;;;;;;;;;;;;6;;;;;;;;;;6;;;;1
253;DL;;8;;;;;8;6;6;10;6;8;;;7;;;;;;;;;;8;6;6;;8;7;8;8;6;;;10;8;6;;8;6;;;;;;;;;;8;;;9;7;;;;;;;;10;9;;;;1
254;DL;;;;;;;;;;;;;;;;;;;;;;;;;;;;;7;;;;6;;;;;;;;;;;;;;;;;;;;;;;;;;;;;;;;;;;1
255;DL;;6;;;;;;;;;;;;;;;;;;;;;;;;;;;7;;6;;6;;;;;;;;;;;;;;;;;;;;;6;;;;;;;;;;;;;;1
256;DL;;7;;;;;6;7;6;6;8;;;7;9;;;;;;;;;;10;6;6;;8;7;7;6;7;;;9;7;6;;8;7;;;10;7;;;;;;9;;;8;6;;;;;;;8;;8;;;;1
257;DL;;6;;;;;;;;;;;;;;;;;;;;;;;7;;;;7;6;6;6;6;;;;;;;;;;;;;;;;;;;;;6;;;;;;;;;;6;;;;1
258;DL;;8;;;;;9;8;6;7;6;10;;7;9;;;;6;;;;;;8;9;7;;8;8;6;8;9;;;10;7;8;;8;6;;;10;;;;;;;8;;;7;6;;;;;;;;9;7;;;;1
259;DL;;8;;;;;6;6;6;6;6;;;7;7;;;;;;;;;;6;8;7;;8;10;7;6;6;;;9;6;7;;7;8;;;;;;;;;;7;;;8;6;;;;;;;;8;8;;;;1
260;DL;;6;;;;;7;6;8;7;9;;;8;8;;;;;;;;;;6;6;9;;8;6;6;6;7;;;8;6;6;;9;;;;;;;;;;;7;;;7;6;;;;;;;;9;7;;;;1
261;DL;;8;;;;;6;7;7;6;6;;;8;9;;;;;;;;;;8;9;9;;9;10;7;8;8;;;9;9;8;;7;9;;;6;;;;;;;8;;;9;6;;;;;;;;9;8;;;;1
262;DL;;8;;;;;;;;;;;;;;;;;;;;;;;;;;;7;;;;;;;;;;;;;;;;;;;;;;;;;9;;;;;;;;;;;;;;1
263;DL;;7;;;;;6;6;6;7;7;;;7;7;;;;;;;;;;9;6;6;;8;6;6;6;7;;;6;6;6;;8;10;;;10;;;;;;;6;;;6;7;;;;;;;;9;6;;;;1
264;DL;;10;;;;;8;6;8;6;9;8;;10;9;;;;8;;;;;;10;9;7;;8;8;9;8;8;;;9;8;8;;9;7;;;10;;;;;;;10;;;9;7;;;;;;;;10;9;;;;1
265;DL;;6;;;;;;;;;;;;;;;;;;;;;;;;;;;6;;7;;;;;;;;;;;;;;;;;;;;;;;6;;;;;;;;;;;;;;1
266;DL;;9;;;;;8;8;8;8;6;8;;8;10;;;;7;;;;;;10;6;7;;8;7;7;9;8;;;8;7;7;;8;7;;;10;;;;;;;8;;;9;7;;;;;;;;10;8;;;;1
267;DL;;;;;;;;;;;;;;;;;;;;;;;;;;;;;8;;;;8;;;;;;;;;;;;;;;;;;;;;7;;;;;;;;;;;;;;1
268;DL;;9;;;;;8;7;6;7;6;9;;6;8;;;;;;;;;;9;7;7;;8;7;7;6;7;;;7;7;7;;;6;;;10;;;;;;;8;;;8;10;;;;;;;;9;6;;;;1
269;DL;;;;;;;;;;;;;;;;;;;;;;;;;;;;;;;;;;;;;;;;;;;;;;;;;;;;;;;;;;;;;;;;;;;;1
270;DL;;6;;;;;;;;;;;;;;;;;;;;;;;;;;;7;;6;;;;;;;;;;;;;;;;;;;;;;;7;;;;;;;;;;;;;;1
271;DL;;7;;;;;7;6;8;10;9;;;7;6;;;;;;;;;;6;6;;;8;7;8;6;6;;;6;6;7;;7;7;;;9;;;;;;;7;;;8;6;;;;;;;;7;8;;;;1
272;DL;;8;;;;;6;7;8;6;6;9;;7;6;;;;7;;;;;;6;6;6;;7;6;6;6;6;;;7;8;6;;7;7;;;9;9;10;10;8;;10;8;10;;8;6;;;;;;;9;9;7;;;;1
273;DL;;9;;;;;6;6;;;7;;;;;;;;;;;;;;6;6;;;8;9;8;7;8;;;6;7;6;6;;8;;;;;;;;;;9;;;10;7;;;;;;;;7;7;;;;1
274;DL;;9;;;;;6;6;6;8;6;;;8;9;;;;;;;;;;9;7;6;;8;6;9;8;7;;;6;7;7;;8;10;;;10;;;;;;;8;;;9;7;;;;;;;;10;7;;;;1
275;DL;;7;;;;;6;6;6;6;8;;;7;6;;;;;;;;;;8;9;6;;7;6;7;6;6;;;8;6;7;;7;10;;;8;;;;;;;7;;;6;6;;;;;;;;7;7;;;;1
276;DL;;6;;;;;7;;;7;6;;;;;;;;;;;;;;6;;;;7;8;8;8;6;;;;7;6;;;;;;;;;;;;;6;;;7;;;;;;;;;;6;;;;1
277;DL;;;;;;;;;;;;;;;;;;;;;;;;;;;;;7;9;6;;;;;;;;;;;;;;;;;;;;;;;6;;;;;;;;;;;;;;1
278;DL;;8;;;;;7;7;8;8;9;;;6;7;;;;;;;;;;7;9;8;;9;6;7;7;6;;;8;7;7;;8;7;;;7;;;;;;;8;;;8;7;;;;;;;;8;8;;;;1
279;DL;;7;;;;;7;;8;;8;;;7;;;;;;;;;;;8;6;7;;7;7;7;8;6;;;8;6;7;;;8;;;8;;;;;;;8;;;9;7;;;;;;;;9;6;;;;1
280;DL;;6;;;;;;;;;;;;;;;;;;;;;;;;;;;7;6;6;6;8;;;;;;;;;;;;;;;;;;;;;7;;;;;;;;;;;;;;1
281;DL;;9;;;;;9;9;8;10;9;9;;8;8;;;;9;;;;;;9;6;9;;9;10;7;10;10;;;10;10;8;;8;9;;;10;;;;;;;10;;;9;10;;;;;;;;9;8;;;;1
282;DL;;8;;;;;7;;;8;;;;;;;;;;;;;;;6;;;;7;6;6;6;6;;;;;6;;;;;;;;;;;;;7;;;8;;;;;;;;;;6;;;;1
283;DL;;9;;;;;7;8;7;8;8;9;;8;9;;;;7;;;;;9;9;7;6;;8;9;8;8;10;;;10;10;8;;9;10;;;10;10;9;10;9;;9;9;9;;8;8;;;;;;;10;9;8;;;;1
284;DL;;9;;;;;8;6;7;7;7;;;8;8;;;;;;;;;;10;6;7;;8;8;7;6;7;;;8;7;6;;8;6;;;9;9;10;10;8;;9;9;8;;10;7;;;;;;;10;8;8;;;;1
285;DL;;8;;;;;;;;;;;;;;;;;;;;;;;6;;;;8;6;6;7;6;;;;6;7;;;;;;;;;;;;;8;;;8;;;;;;;;;;7;;;;1
286;DL;;;;;;;;;;;;;;;;;;;;;;;;;;;;;;;6;;;;;;;;;;;;;;;;;;;;;;;8;;;;;;;;;;;;;;1
287;DL;;9;;;;;7;6;8;6;7;;;8;7;;;;;;;;;;6;9;7;;7;8;8;8;6;;;8;6;6;;8;7;;;7;10;;;;;;9;;;9;6;;;;;;;;6;7;;;;1
288;DL;;9;;;;;8;7;7;9;7;9;;8;9;;;;8;;;;;;7;9;6;;9;8;9;9;9;;;9;9;8;;9;7;;;10;;;;;;;9;;;9;9;;;;;;;;9;6;;;;1
289;DL;;;;;;;;;;;;;;;;;;;;;;;;;;;;;;;;;;;;;;;;;;;;;;;;;;;;;;;;;;;;;;;;;;;;1
290;DL;;;;;;;;;;;;;;;;;;;;;;;;;;;;;6;;8;;;;;;;;;;;;;;;;;;;;;;;;;;;;;;;;;;;;;1
291;DL;;9;;;;;6;6;7;6;7;;;;;;;;;;;;;;7;6;6;;7;6;8;6;8;;;8;;7;;;9;;;;;;;;;;8;;;8;;;;;;;;;;7;;;;1
292;DL;;6;;;;;;;;;;;;;;;;;;;;;;;;;;;;;;;;;;;;;;;;;;;;;;;;;;;;6;;;;;;;;;;;;;;1
293;DL;;8;;;;;6;8;8;8;6;;;8;6;;;;;;;;;;6;7;7;;8;6;8;6;6;;;7;6;7;;7;8;;;8;;;;;;;8;;;9;7;;;;;;;;9;6;;;;1
294;DL;;;;;;;;;;;;;;;;;;;;;;;;;;;;;7;;;;;;;;;;;;;;;;;;;;;;;;;7;;;;;;;;;;;;;;1
295;DL;;;;;;;;;;;;;;;;;;;;;;;;;7;;;;8;6;7;;;;;;;;;;;;;;;;;;;;;;;7;;;;;;;;;;6;;;;1
296;DL;;6;;;;;6;7;;6;8;;;;;;;;;;;;;;7;8;;;7;6;7;6;7;;;6;6;6;;;;;;;;;;;;;7;;;6;;;;;;;;;;7;;;;1
297;DL;;9;;;;;;;;;;;;;;;;;;;;;;;;;;;8;;7;;;;;;;;;;;;;;;;;;;;;;;9;;;;;;;;;;;;;;1
298;DL;;7;;;;;;;;;;;;;;;;;;;;;;;9;;;;8;;6;;;;;;;;;;;;;;;;;;;;;;;8;;;;;;;;;;6;;;;1
299;DL;;6;;;;;6;6;6;6;10;;;7;7;;;;;;;;;;10;8;9;;7;8;8;8;8;;;8;10;6;;7;6;;;10;;;;;;;7;;;7;7;;;;;;;;8;7;;;;1
300;DL;;7;;;;;6;6;7;8;6;;;8;6;;;;;;;;;;9;6;7;;8;6;6;6;6;;;6;;6;;7;9;;;10;;;;;;;7;;;7;6;;;;;;;;6;7;;;;1
301;DL;;7;;;;;;;;;;;;;;;;;;;;;;;6;;;;7;6;7;7;7;;;;6;6;;;;;;;;;;;;;7;;;8;;;;;;;;;;6;;;;1
302;DL;;7;;;;;8;7;6;8;7;;;8;8;;;;;;;;;;10;8;6;;7;7;8;6;6;;;7;7;6;;8;8;;;9;;;;;;;9;;;8;7;;;;;;;;9;6;;;;1
303;DL;;;;;;;;;;;;;;;;;;;;;;;;;;;;;;;;;;;;;;;;;;;;;;;;;;;;;;;;;;;;;;;;;;;;1
304;DL;;9;;;;;9;7;6;6;8;8;;8;8;;;;8;;;;;;8;7;8;;9;10;8;10;8;;;9;8;6;;8;7;;;10;;;;;;;9;;;9;7;;;;;;;;8;8;;;;1
305;DL;;7;;;;;;;;;;;;;;;;;;;;;;;;;;;6;;7;;;;;;;;;;;;;;;;;;;;;;;8;;;;;;;;;;6;;;;1
306;DL;;6;;;;;;;;;;;;;;;;;;;;;;;;;;;7;7;6;7;6;;;;;;;;;;;;;;;;;;;;;8;;;;;;;;;;;;;;1
307;DL;;9;;;;;6;9;8;6;6;10;;9;10;;;;;;;;;;6;7;6;;9;6;8;6;8;;;6;7;6;;9;8;;;9;;;;;;;9;;;9;10;;;;;;;;10;6;;;;1
308;DL;;8;;;;;;;;;6;;;;;;;;;;;;;;6;;;;6;;7;;7;;;;;;;;;;;;;;;;;;7;;;9;;;;;;;;;;8;;;;1
309;DL;;8;;;;;;;;;;;;;;;;;;;;;;;;;;;7;;6;;;;;;;;;;;;;;;;;;;;;;;9;;;;;;;;;;6;;;;1
310;DL;;;;;;;;;;;;;;;;;;;;;;;;;;;;;6;;;;;;;;;;;;;;;;;;;;;;;;;;;;;;;;;;;;;;;1
311;DL;;7;;;;;;;;;;;;;;;;;;;;;;;;;;;8;7;7;;6;;;;;;;;;;;;;;;;;;;;;8;;;;;;;;;;7;;;;1
312;DL;;6;;;;;;;;;;;;;;;;;;;;;;;;;;;7;7;;;7;;;;;6;;;;;;;;;;;;;;;;6;;;;;;;;;;7;;;;1
313;DL;;8;;;;;;;;;;;;;;;;;;;;;;;;;;;6;;7;;6;;;;;;;;;;;;;;;;;;;;;8;;;;;;;;;;6;;;;1
314;DL;;6;;;;;7;7;7;8;10;8;;6;7;;;;7;;;;;;9;6;7;;8;6;7;6;7;;;8;7;6;;6;7;;;7;;;;;;;6;;;7;7;;;;;;;;8;6;;;;1
315;DL;;7;;;;;;;;;10;;;;;;;;;;;;;;10;;;;9;;7;;6;;;;;;;;;;;;;;;;;;;;;8;;;;;;;;;;8;;;;1
316;DL;;6;;;;;;;;;;;;;;;;;;;;;;;6;;;;7;;6;6;6;;;;;;;;;;;;;;;;;;;;;8;;;;;;;;;;6;;;;1
317;DL;;7;;;;;6;6;6;6;6;7;;7;6;;;;;;;;;;7;6;6;;7;7;6;7;7;;;6;8;7;;9;6;;;6;;;10;;;;7;;;7;7;;;;;;;;10;8;;;;1
318;DL;;8;;;;;;;;;10;;;;;;;;;;;;;;6;9;;;8;7;6;;7;;;;;7;;;;;;;;;;;;;8;;;8;;;;;;;;;;7;;;;1
319;DL;;9;;;;;6;10;;7;8;;;;;;;;;;;;;;6;8;;;9;6;6;6;6;;;6;6;7;;6;7;;;;;;;;;;8;;;9;7;;;;;;;;;7;;;;1
320;DL;;8;;;;;7;;6;7;6;;;;;;;;;;;;;;10;;;;8;6;7;7;6;;;;6;7;;;;;;;;;;;;;10;;;9;;;;;;;;;;8;;;;1
321;DL;;8;;;;;6;6;6;6;7;;;8;9;;;;;;;;;;6;6;9;;7;6;7;7;6;;;6;6;6;;7;9;;;10;;;;;;;8;;;8;6;;;;;;;;7;6;;;;1
322;DL;;;;;;;;;;;;;;;;;;;;;;;;;;;;;7;;;;;;;;;;;;;;;;;;;;;;;;;8;;;;;;;;;;;;;;1
323;DL;;8;;;;;;;;;;;;;;;;;;;;;;;6;;;;7;7;7;;6;;;;;;;;;;;;;;;;;;6;;;8;;;;;;;;;;8;;;;1
324;DL;;;;;;;;;;;;;;;;;;;;;;;;;;;;;8;;7;;;;;;;;;;;;;;;;;;;;;;;7;;;;;;;;;;7;;;;1
325;DL;;6;;;;;;;;;;;;;;;;;;;;;;;;;;;;;;;;;;;;;;;;;;;;;;;;;;;;7;;;;;;;;;;;;;;1
326;DL;;;;;;;;;;;;;;;;;;;;;;;;;;;;;;;;;;;;;;;;;;;;;;;;;;;;;;6;;;;;;;;;;;;;;1
327;DL;;7;;;;;;;;;7;;;;;;;;;;;;;;7;;;;8;6;7;6;6;;;;6;;;;;;;;;;;;;;7;;;8;;;;;;;;;;6;;;;1
328;DL;;7;;;;;6;6;6;7;6;;;6;6;;;;;;;;;;6;8;;;7;6;7;7;6;;;8;6;8;;8;7;;;10;;;;;;;6;;;9;6;;;;;;;;7;8;;;;1
329;DL;;6;;;;;7;6;8;6;7;9;;8;8;;;;;;;;;;6;6;6;;7;6;8;6;6;;;7;7;7;;8;9;;;9;;;;;;;6;;;6;7;;;;;;;;7;6;;;;1
330;DL;;;;;;;;;;;;;;;;;;;;;;;;;;;;;6;;;;;;;;;;;;;;;;;;;;;;;;;8;;;;;;;;;;;;;;1
331;DL;;;;;;;;;;;;;;;;;;;;;;;;;;;;;7;;;;;;;;;;;;;;;;;;;;;;;;;8;;;;;;;;;;;;;;1
332;DL;;7;;;;;;;;8;;;;6;;;;;;;;;;;7;;;;7;7;7;6;6;;;;7;7;;;;;;;;;;;;;8;;;7;;;;;;;;;;6;;;;1
333;DL;;7;;;;;;;;;6;;;;;;;;;;;;;;10;8;;;7;;7;6;8;;;;;;;;;;;;;;;;;;8;;;7;;;;;;;;;;6;;;;1
334;DL;;7;;;;;;7;;6;;;;;;;;;;;;;;;6;6;;;7;6;6;6;6;;;6;6;6;;;;;;;;;;;;;6;;;8;6;;;;;;;;;6;;;;1
335;DL;;6;;;;;;;;;;;;;;;;;;;;;;;;;;;6;;6;;6;;;;;;;;;;;;;;;;;;;;;6;;;;;;;;;;6;;;;1
336;DL;;8;;;;;;;;;;;;;;;;;;;;;;;;;;;8;;6;;;;;;;;;;;;;;;;;;;;;;;8;;;;;;;;;;;;;;1
337;DL;;8;;;;;7;6;6;;9;;;;;;;;;;;;;;6;8;7;;7;6;8;7;6;;;6;;6;;;8;;;;;;;;;;8;;;8;7;;;;;;;;9;9;;;;1
338;DL;;7;;;;;;;;;;;;;;;;;;;;;;;;;;;6;;7;;6;;;;;;;;;;;;;;;;;;;;;8;;;;;;;;;;6;;;;1
339;DL;;7;;;;;;;;;;;;;;;;;;;;;;;7;;;;7;7;6;6;7;;;;;;;;;;;;;;;;;;6;;;8;;;;;;;;;;6;;;;1
340;DL;;7;;;;;7;6;6;7;6;;;;;;;;;;;;;;6;6;;;8;6;8;10;8;;;;8;6;;;;;;;;;;;;;7;;;9;6;;;;;;;;;8;;;;1
341;DL;;7;;;;;;;;;;;;;;;;;;;;;;;;;;;6;;;;;;;;;;;;;;;;;;;;;;;;;8;;;;;;;;;;6;;;;1
342;DL;;8;;;;;7;7;7;6;7;;;7;6;;;;;;;;;;6;6;6;;8;6;6;9;7;;;6;8;7;;8;9;;;8;;;;;;;8;;;8;7;;;;;;;;8;8;;;;1
343;DL;;;;;;;9;7;6;;7;10;;8;8;;;;;;;;;;7;6;6;;9;;9;10;;;;10;;8;;9;7;;;10;;;;;;;10;;;;7;;;;;;;;10;7;;;;1
344;DL;;;;;;;;;;;;;;;;;;;;;;;;;;;;;8;;;;;;;;;;;;;;;;;;;;;;;;;9;;;;;;;;;;;;;;1
345;DL;;;;;;;;;;;;;;;;;;;;;;;;;;;;;;;;;;;;;;;;;;;;;;;;;;;;;;6;;;;;;;;;;;;;;1
346;DL;;8;;;;;;;;;;;;;;;;;;;;;;;;;;;7;;;;;;;;;;;;;;;;;;;;;;;;;9;;;;;;;;;;;;;;1
347;DL;;7;;;;;;;;;;;;;;;;;;;;;;;10;6;;;6;9;7;;6;;;;;;;;;;;;;;;;;;;;;7;;;;;;;;;;6;;;;1
348;DL;;8;;;;;;;;;;;;;;;;;;;;;;;8;;;;8;6;6;;6;;;;;;;;;;;;;;;;;;;;;9;;;;;;;;;;7;;;;1
349;DL;;6;;;;;7;6;7;7;;;;;8;;;;;;;;;;6;7;6;;7;7;7;6;7;;;6;6;6;;8;8;;;8;;;;;;;7;;;7;7;;;;;;;;8;8;;;;1
350;DL;;;;;;;;;;;;;;;;;;;;;;;;;;;;;6;;;;;;;;;;;;;;;;;;;;;;;;;8;;;;;;;;;;;;;;1
351;DL;;7;;;;;7;8;8;9;8;8;;8;7;;;;7;;;;;;;8;9;;8;10;;;8;;;10;;7;;7;9;;;8;;;;;;;8;;;7;7;;;;;;;;9;6;;;;1
352;DL;;;;;;;;;;;;;;;;;;;;;;;;;;;;;7;;6;;;;;;;;;;;;;;;;;;;;;;;;;;;;;;;;;;;;;1
353;DL;;;;;;;;;;;;;;;;;;;;;;;;;;;;;;;;;;;;;;;;;;;;;;;;;;;;;;;;;;;;;;;;;;;;1
354;DL;;7;;;;;;;;;;;;;;;;;;;;;;;;;;;7;;6;;7;;;;;;;;;;;;;;;;;;;;;9;;;;;;;;;;;;;;1
355;DL;;7;;;;;;;;;9;;;;;;;;;;;;;;8;;;;7;6;6;;6;;;;7;;;;;;;;;;;;;;8;;;8;;;;;;;;;;6;;;;1
356;DL;;6;;;;;;;;;;;;;;;;;;;;;;;6;;;;8;7;7;6;8;;;;;6;;;;;;;;;;;;;7;;;7;;;;;;;;;;6;;;;1
357;Inclass;;7;;;;;6;6;6;7;10;8;;6;6;;;;7;;;;;;8;6;10;;6;6;6;7;6;;;8;7;6;;8;8;;;9;;;;;;;8;;;8;7;;;;;;;;9;6;;;;1
358;Inclass;;;;;;;;;;;;;;;;;;;;;;;;;;;;;7;;;;;;;;;;;;;;;;;;;;;;;;;;;;;;;;;;;;;;;1
359;Inclass;;7;;;;;;;;;;;;;;;;;;;;;;;6;;;;7;6;6;6;7;;;;;;;;;;;;;;;;;;7;;;7;;;;;;;;;;6;;;;1
360;Inclass;;;;;;;;;;;8;;;;;;;;;;;;;;8;;;;6;;6;;7;;;;;;;;;;;;;;;;;;;;;6;;;;;;;;;;6;;;;1
361;Inclass;;6;;;;;7;8;6;8;6;;;6;7;;;;;;;;;;7;6;9;;7;6;7;8;6;;;6;7;7;;7;8;;;9;;;;;;;8;;;6;7;;;;;;;;7;7;;;;1
362;Inclass;;;;;;;;;;;;;;;;;;;;;;;;;;;;;;;6;;;;;;;;;;;;;;;;;;;;;;;9;;;;;;;;;;;;;;1
363;Inclass;;7;;;;;9;8;7;8;7;8;;7;9;;;;7;;;;;;8;6;6;;8;6;7;7;6;;;10;7;7;;8;7;;;10;;;;;;;9;;;7;7;;;;;;;;9;7;;;;1
364;Inclass;;8;;;;;;;;;;;;;;;;;;;;;;;6;;;;7;;6;;7;;;;;;;;;;;;;;;;;;;;;8;;;;;;;;;;;;;;1
365;Inclass;;;;;;;;;;;;;;;;;;;;;;;;;;;;;8;;;;;;;;;;;;;;;;;;;;;;;;;;;;;;;;;;;;;;;1
366;Inclass;8;6;8;8;8;6;7;7;7;;6;;;;;;;;;7;;;;;9;8;6;6;;;;;;;;;;;;;;;;;;;;;;;;;;;;;;;;;6;;;6;8;7;;1
367;Inclass;;;;;;;;;;;;;;;;;;;;;;;;;;;;;;;;;;;;;;;;;;;;;;;;;;;;;;;;;;;;;;;;;;;;1
368;Inclass;6;9;6;7;6;8;8;6;8;;;;;;;;;;;;;;;;8;10;7;6;;;;;;;;;;;;;;;;;;;;;;;;;;;;;;;;;6;;;7;10;9;;1
369;Inclass;8;8;6;8;8;7;7;7;6;7;6;9;8;8;6;;;7;;6;6;8;;;6;6;7;7;;;;;;;;;;;;;;;;;;;;;;;8;;;;;;;;;;6;;;7;6;8;;1
370;Inclass;;8;;;;;6;6;6;7;6;8;;8;6;;;;;;;;;;6;6;8;;8;8;6;6;6;;;6;;7;;9;9;;;7;;;;;;;9;;;9;7;;;;;;;;7;6;;;;1
371;Inclass;;;;;;;;;;;;;;;;;;;;;;;;;6;;;;6;6;;;6;;;;;;;;;;;;;;;;;;;;;6;;;;;;;;;;7;;;;1
372;Inclass;8;9;;8;7;7;7;8;8;9;6;;8;;7;;;;;7;7;;;;10;10;8;6;;;;;;;;;;;;;;;;;;;;;;;9;;;;;;;;;;6;;;8;9;10;8;1
373;Inclass;;7;;;;;;;;;;;;;;;;;;;;;;;;;;;7;;7;;7;;;;;;;;;;;;;;;;;;;;;9;;;;;;;;;;7;;;;1
374;Inclass;;9;;;;;;;;;7;;;;;;;;;;;;;;6;;;;6;;6;7;6;;;;;;;;;;;;;;;;;;;;;9;;;;;;;;;;6;;;;1
375;Inclass;6;9;7;6;8;6;7;8;8;6;6;8;8;9;6;;;8;6;7;8;;;9;7;6;7;6;;;;;;;;;;;;;;;;;;;;;;;10;;;;;;;;;;6;;;7;6;10;9;1
376;Inclass;6;9;8;8;6;6;7;8;8;;;;;;;;;;;;;;;;7;8;;6;;;;;;;;;;;;;;;;;;;;;;;;;;;;;;;;;7;;;6;6;10;;1
377;Inclass;7;7;8;8;6;6;8;7;8;6;;;9;8;6;;;;;8;;;;;6;6;6;8;;;;;;;;;;;;;;;;;;;;;;;7;;;;;;;;;;6;;;7;6;7;6;1
378;Inclass;6;7;8;6;6;6;9;8;7;6;7;;8;7;6;;;7;;7;7;;;;6;6;6;6;;;;;;;;;;;;;;;;;;;;;;;7;;;;;;;;;;9;;;8;7;6;6;1
379;Inclass;9;7;8;9;8;9;10;8;9;6;7;8;8;8;7;;;;;7;6;;;;10;6;6;7;;;;;;;;;;;;;;;;;;;;;;;8;;;;;;;;;;8;;;7;10;8;8;1
380;Inclass;6;6;8;;;7;7;;6;7;6;;;;7;;;;;7;6;;;;;6;8;7;;;;;;;;;;;;;;;;;;;;;;;7;;;;;;;;;;6;;;6;6;;6;1
381;Inclass;;7;;;;;;;;;8;;;;;;;;;;;;;;7;;;;8;;7;;7;;;;;;;;;;;;;;;;;;;;;7;;;;;;;;;;7;;;;1
382;Inclass;6;7;7;6;7;6;8;7;7;;;;8;7;;;;8;;;;;;;8;6;8;6;;;;;;;;;;;;;;;;;;;;;;;6;;;;;;;;;;6;;;7;7;8;;1
383;Inclass;7;;6;7;7;;;;;;;;;;;;;;;;;;;;6;;;;;;;;;;;;;;;;;;;;;;;;;;;;;;;;;;;;;;;;;6;;1
384;Inclass;;;;;;;;;;;;;;;;;;;;;;;;;;;;;8;;;;;;;;;;;;;;;;;;;;;;;;;;;;;;;;;;;;;;;1
385;Inclass;;7;;;;;;;;;;;;;;;;;;;;;;;7;;;;6;;6;;6;;;;;6;;;;;;;;;;;;;;;;8;;;;;;;;;;6;;;;1
386;Inclass;9;10;9;;;9;10;9;9;8;7;;10;;8;;;;;9;7;;;;;7;6;9;;;;;;;;;;;;;;;;;;;;;;;10;;;;;;;;;;8;;;7;;;;1
387;Inclass;7;;;;;;;;;;;;;;;;;;;;;;;;6;;;;;;;;;;;;;;;;;;;;;;;;;;;;;;;;;;;;;;;7;;;;1
388;Inclass;;6;;;;;;;;;;;;;;;;;;;;;;;;;;;;;6;;;7;;;;;;;;;;;;;;;;;;;;6;;;;;;;;;;;;;;1
389;Inclass;6;7;7;6;9;6;8;6;7;6;10;;;9;7;;;;;7;;;;;8;7;6;6;;;;;;;;;;;;;;;;;;;;;;;7;;;;;;;;;;9;;;7;6;8;6;1
390;Inclass;8;9;8;7;7;10;7;7;8;9;6;8;6;9;8;;9;;8;7;7;8;;10;7;7;6;6;;;;;;;;;;;;;;;;;;;;;;;8;;;;;;;;;;6;;;7;8;9;;1
391;Inclass;8;8;8;8;7;6;8;7;7;;6;8;;;;;;;;8;;9;;;10;7;6;6;;;;;;;;;;;;;;;;;;;;;;;7;;;;;;;;;;7;;;8;7;9;;1
392;Inclass;10;10;10;10;10;7;10;9;10;8;7;;10;;7;;;;10;10;;;;;10;10;10;10;;;;;;;;;;;;;;;;;;;;;;;10;;;;;;;;;;10;;;10;10;10;9;1
393;Inclass;;;;;;;;;;;;;;8;;;;8;;7;7;;;;;;;;;;;;;;;;;;;;;;;;;;;;;;7;;;;;;;;;;;;;;;;;1
394;Inclass;10;10;10;10;9;8;9;8;8;8;8;8;8;9;;;9;;9;6;10;8;;10;8;8;7;10;;;;;;;;;;;;;;;;;;;;;;;10;;;;;;;;;;10;;;7;8;10;;1
395;Inclass;6;7;6;6;6;7;7;6;7;6;;;;;6;;;;;7;;;;;7;6;6;6;;;;;;;;;;;;;;;;;;;;;;;;;;;;;;;;;6;;;7;6;6;10;1
396;Inclass;6;8;8;6;9;6;8;8;8;6;8;7;7;7;9;;;9;7;7;7;;;10;7;8;7;9;;;;;;;;;;;;;;;;;;;;;;;9;;;;;;;;;;8;;;8;6;8;10;1
397;Inclass;6;8;6;6;10;6;8;6;7;8;8;9;8;8;7;;10;;7;9;7;;;;7;7;6;7;;;;;;;;;;;;;;;;;;;;;;;7;;;;;;;;;;7;;;9;8;8;10;1
398;Inclass;6;7;8;6;7;7;9;;;;;;;;;;;;;;;;;;;;;6;;;;;;;;;;;;;;;;;;;;;;;;;;;;;;;;;;;;7;6;8;;1
399;Inclass;;9;;;;;9;8;10;9;6;9;;9;10;;;;8;;;;;;8;8;9;;8;8;8;10;9;;;10;10;8;;9;7;;;10;;;;;;7;10;10;;9;8;10;9;9;8;9;;;9;8;;;;1
400;Inclass;;9;;;;;8;6;7;7;8;6;;8;8;;;;;;;;;;10;6;7;;8;8;8;6;9;;;7;6;7;7;7;8;;;10;;;;;;;9;;;9;;;;;;;;;9;6;;;;1
401;Inclass;;8;;;;;6;10;;;7;;;;;;;;;;;;;;9;6;;;7;8;7;7;7;;;;;;;;6;;;;;;;;;;7;;;8;;;;;;;;;;7;;;;1
402;Inclass;;9;;;;;6;6;7;8;6;9;;9;9;;;;;;;;;;8;8;8;;9;8;8;7;8;;;6;8;6;;8;9;;;8;;;;;;;8;;;9;7;;;;;;;;9;8;;;;1
403;Inclass;;9;;;;;8;7;8;9;6;9;;8;9;;;;7;;;;;;10;8;6;;8;8;8;8;8;;;9;8;7;;9;8;;;9;;;;;;;9;;;9;7;;;;;;;;9;7;;;;1
404;Inclass;;7;;;;;7;8;6;10;8;;;7;7;;;;;;;;;;9;6;7;;7;6;8;8;7;;;7;7;6;;;7;;;10;;;;;;;9;;;7;7;;;;;;;;8;6;;;;1
405;Inclass;;7;;;;;6;7;;6;6;;;;;;;;;;;;;;7;7;;;8;7;7;7;9;;;6;7;6;;;8;;;;;;;;;;7;;;8;6;;;;;;;;;7;;;;1
406;Inclass;;6;;;;;7;6;7;7;8;;;8;7;;;;;;;;;;9;6;6;;8;6;7;6;6;;;8;6;6;;7;8;;;10;;;;;;;6;;;6;7;;;;;;;;9;6;;;;1
407;Inclass;;7;;;;;6;6;6;6;7;;;;7;;;;;;;;;;9;6;8;;9;6;6;7;6;;;6;6;6;;10;7;;;10;8;;;10;;;7;;;8;6;;;;;;;;7;6;;;;1
408;Inclass;;9;;;;;7;6;7;6;7;;;7;7;;;;;;;;;;8;6;6;;9;8;7;9;7;;;8;8;6;;9;10;;;10;;;;;;;9;;;9;7;;;;;;;;9;7;;;;1
409;Inclass;;7;;;;;7;6;7;6;9;8;;10;7;;;;7;;;;;;6;6;6;;7;7;6;8;7;;;7;6;6;;8;8;;;10;9;10;10;9;;8;8;7;;9;7;;;;;;;9;9;7;;;;1
410;Inclass;;8;;;;;7;8;7;6;9;9;;9;8;;;;;;;;;;9;8;7;;8;8;7;8;7;;;8;9;7;;9;9;;;10;;;;;;;9;;;9;7;;;;;;;;8;8;;;;1
411;Inclass;;9;;;;;7;7;7;9;8;10;;9;8;;;;8;;;;;;10;9;7;;8;7;7;7;8;;;10;8;6;;8;7;;;10;;;;;;;10;;;9;10;;;;;;;;8;7;;;;1
412;Inclass;;8;;;;;9;6;9;6;7;8;;8;8;;;;;;;;;;10;8;7;;8;6;6;6;8;;;9;7;8;;9;9;;;10;9;9;9;9;;7;8;8;;7;10;;;;;;;9;9;9;;;;1
413;Inclass;;8;;;;;8;6;7;8;6;8;;8;6;;;;8;;;;;;10;6;7;;8;8;7;8;7;;;7;8;6;;9;8;;;10;10;10;8;9;;8;9;9;;9;6;;;;;;;9;8;7;;;;1
414;Inclass;;9;;;;;9;7;6;6;6;9;;7;8;;;;6;;;;;;9;7;6;;6;7;7;8;8;;;8;8;7;;8;9;;;10;9;9;10;7;;8;10;8;;8;7;;;;;;;10;9;7;;;;1
415;Inclass;;7;;;;;7;7;6;9;6;;;8;8;;;;;;;;;;10;6;7;;8;9;7;6;8;;;6;6;6;;7;7;;;10;;;;;;;6;;;7;6;;;;;;;;8;7;;;;1
416;Inclass;;8;;;;;9;6;10;7;8;10;;8;7;;;;;;;;;;10;6;10;;8;10;9;10;8;;;8;8;6;;10;7;;;10;;;;;;;9;;;9;6;;;;;;;;9;6;;;;1
417;Inclass;;7;;;;;7;;6;;6;;;;7;;;;;;;;;;10;6;;;9;6;8;7;9;;;7;6;6;;;7;;;;;;;;;;8;;;8;6;;;;;;;;9;7;;;;1
418;Inclass;;7;;;;;;;;;;;;;;;;;;;;;;;;;;;9;;6;;6;;;;;;;;;;;;;;;;;;;;;8;;;;;;;;;;6;;;;1
419;Inclass;;6;;;;;7;8;7;7;9;9;;8;8;;;;;;;;;;9;7;6;;7;6;7;7;7;;;10;7;7;;8;7;;;10;;;;;;;6;;;7;7;;;;;;;;9;6;;;;1
420;Inclass;;8;;;;;8;6;6;8;10;9;;8;7;;;;7;;;;;;10;7;8;;9;10;7;7;9;;;9;8;6;;8;6;;;9;;;;;;;9;;;8;8;;;;;;;;9;7;;;;1
421;Inclass;;7;;;;;8;7;6;7;6;8;;8;8;;;;;;;;;;6;7;9;;8;9;8;10;10;;;7;10;7;;9;9;;;10;;;;;;;7;;;8;7;;;;;;;;10;7;;;;1
422;Inclass;;8;;;;;6;9;6;6;6;;;6;6;;;;;;;;;;6;7;6;;7;7;6;6;8;;;6;7;6;;6;8;;;;;;;;;;8;;;9;6;;;;;;;;7;7;;;;1
423;Inclass;;7;;;;;7;6;9;9;6;9;;10;9;;;;8;;;;;;10;10;6;;9;7;8;8;9;;;8;8;7;;8;8;;;10;;;;;;;8;;;8;10;;;;;;;;10;6;;;;1
424;Inclass;;9;;;;;10;8;10;10;10;10;;8;10;;;;10;;;;;;9;8;8;;9;9;7;8;8;;;10;10;8;;9;10;;;10;;;;;;;10;;;10;10;;;;;;;;9;8;;;;1
425;Inclass;;10;;;;;8;6;6;8;10;8;;10;8;;;;;;;;;;8;9;6;;8;8;8;8;9;;;6;7;6;;7;9;;;10;;;;;;;10;;;10;7;;;;;;;;10;8;;;;1
426;Inclass;;9;;;;;6;7;7;6;7;7;;7;9;;;;;;;;;;6;8;6;;7;7;6;7;10;;;8;8;6;;8;10;;;10;;;;;;;10;;;10;6;;;;;;;;10;8;;;;1
427;Inclass;;7;;;;;8;8;10;6;10;10;;8;9;;;;7;;;;;;10;7;8;;8;6;8;6;9;;;8;7;6;;9;8;;;10;;;;;;;9;;;7;6;;;;;;;;9;6;;;;1
428;Inclass;;8;;;;;7;;6;6;6;;;;8;;;;;;;;;;6;7;6;;7;7;6;9;7;;;9;8;8;;;;;;;;;;;;;7;;;8;7;;;;;;;;10;7;;;;1
429;Inclass;;8;;;;;;;;;;;;;;;;;;;;;;;7;6;;;7;6;7;;6;;;;;;;;;;;;;;;;;;8;;;8;;;;;;;;;;6;;;;1
430;Inclass;;9;;;;;;;;;;;;;;;;;;;;;;;7;;;;7;6;6;6;6;;;;;7;;;;;;;;;;;;;8;;;9;;;;;;;;;;8;;;;1
431;Inclass;;8;;;;;6;8;;6;;;;8;;;;;;;;;;;7;6;;;7;8;6;6;8;;;7;6;7;;6;7;;;;;;;;;;7;;;9;6;;;;;;;;;6;;;;1
432;Inclass;;8;;;;;7;9;6;7;9;9;;9;8;;;;8;;;;;9;7;7;6;;8;8;7;9;9;;;8;8;7;;8;10;;;10;9;9;9;10;;7;8;9;;9;6;;;;;;;9;10;6;;;;1
